Qty,Line Item,Manufacturer,MPN,Octopart URL,Schematic Reference,Internal Part Number,Description,Total Qty (@ Batch Size: 500),SKU,SKU,SKU,SKU,SKU,Packaging,Packaging,Packaging,Packaging,Packaging,Unit Price (@ Batch Size: 500),Unit Price (@ Batch Size: 500),Unit Price (@ Batch Size: 500),Unit Price (@ Batch Size: 500),Unit Price (@ Batch Size: 500),In Stock,In Stock,In Stock,In Stock,In Stock,MOQ,MOQ,MOQ,MOQ,MOQ,URL,URL,URL,URL,URL,Distributor [Lowest Price (Selected)],SKU [Lowest Price (Selected)],Packaging [Lowest Price (Selected)],Unit Price (@ Batch Size: 500) [Lowest Price (Selected)],Line Total [Lowest Price (Selected)],Batch Total [Lowest Price (Selected)],In Stock [Lowest Price (Selected)],MOQ [Lowest Price (Selected)],URL [Lowest Price (Selected)],Notes
,,,,,,,,,Arrow,Digi-Key,Future Electronics,Mouser,Newark,Arrow,Digi-Key,Future Electronics,Mouser,Newark,Arrow,Digi-Key,Future Electronics,Mouser,Newark,Arrow,Digi-Key,Future Electronics,Mouser,Newark,Arrow,Digi-Key,Future Electronics,Mouser,Newark,Arrow,Digi-Key,Future Electronics,Mouser,Newark,,,,,,,,,,
1,"SMCJ30CAHE3,",,,,D19,1247-022-4019-00,"DI,TVS,30VR,48.4VC,1500W-10/1000US,SMC",500,,,,,,,,,,,,,,,,,,,,,,,,,,,,,,,,,,,,,,,,
2,"SMC3K75CAHM3,",,,,"D18, D24",1247-022-4018-00,"DI,TVS,75VR,121VC,3000W-10/1000US,SMC",1000,,,,,,,,,,,,,,,,,,,,,,,,,,,,,,,,,,,,,,,,
1,"782853152,",WÅrth Elektronik,782853152,https://octopart.com/782853152-w%C3%BCrth+elektronik-56466774,L1,1247-032-4001-00,"FB,SMT,0805,1500-OHM-100MHZ,0.7A,350-MOH",500,,732-6714-1-ND,,782853152,,,Cut Tape,,,,,0.174,,0.07,,,3595,,5585,,,1,,1,,,https://octopart.com/click/track?country=US&ak=68b25f31&sig=05802ad&sid=459&ppid=56466774&vpid=191365818&ct=offers,,https://octopart.com/click/track?url=http%3A%2F%2Fwww.mouser.com%2FSearch%2FProductDetail.aspx%3Fqs%3DsBf%252fb4nBSle71ob9xQkw9A%253d%253d%26utm_source%3Doctopart%26utm_medium%3Daggregator%26utm_campaign%3D782853152%26utm_term%3D782853152%26utm_content%3DWurth+Electronics&country=US&ak=68b25f31&sig=0ad0fa3&sid=2401&ppid=56466774&ct=offers,,Mouser,782853152,,0.07,0.07,35,5585,1,https://octopart.com/click/track?url=http%3A%2F%2Fwww.mouser.com%2FSearch%2FProductDetail.aspx%3Fqs%3DsBf%252fb4nBSle71ob9xQkw9A%253d%253d%26utm_source%3Doctopart%26utm_medium%3Daggregator%26utm_campaign%3D782853152%26utm_term%3D782853152%26utm_content%3DWurth+Electronics&country=US&ak=68b25f31&sig=0ad0fa3&sid=2401&ppid=56466774&ct=offers,
1,"VLMV3100-GS08,",Vishay,VLMV3100-GS08,https://octopart.com/vlmv3100-gs08-vishay-42236514,LED1,1247-020-4001-00,"LED,SMT,VERT,RED/GRN,20/20MA,2V/2.2V,CLR",500,VLMV3100-GS08**MULT1,VLMV3100-GS08CT-ND,5490123,VLMV3100-GS08,05W7015,Cut Tape,Cut Tape,Tape & Reel,,Cut Tape,0.197,0.2277,,0.271,0.15,7500,21643,7500,4585,1684,1,1,1500,,1,https://octopart.com/click/track?url=https%3A%2F%2Fwww.arrow.com%2Fen%2Fproducts%2Fvlmv3100-gs08%2Fvishay&country=US&ak=68b25f31&sig=05dd9f9&sid=1106&ppid=42236514&ct=offers,https://octopart.com/click/track?country=US&ak=68b25f31&sig=0babdfd&sid=459&ppid=42236514&vpid=159808023&ct=offers,https://octopart.com/click/track?country=US&ak=68b25f31&sig=0993027&sid=2454&ppid=42236514&vpid=416974669&ct=offers,https://octopart.com/click/track?country=US&ak=68b25f31&sig=086158e&sid=2401&ppid=42236514&vpid=115233238&ct=offers,https://octopart.com/click/track?country=US&ak=68b25f31&sig=0cbddf4&sid=2402&ppid=42236514&vpid=249351846&ct=offers,Newark,05W7015,Cut Tape,0.15,0.15,75,1684,1,https://octopart.com/click/track?country=US&ak=68b25f31&sig=0cbddf4&sid=2402&ppid=42236514&vpid=249351846&ct=offers,
1,"SS16HE3_A/I,",Vishay,SS16HE3_A/I,https://octopart.com/ss16he3_a%2Fi-vishay-33978518,D28,1247-022-4009-00,"DI,SCTKY,1A,60V,SMA",500,,SS16HE3_A/IGICT-ND,,,09N7756,,Cut Tape,,,Tape & Reel,,0.15314,,,,,0,,,0,,1,,,7500,,https://octopart.com/click/track?country=US&ak=68b25f31&sig=07e257c&sid=459&ppid=33978518&vpid=159780215&ct=offers,,,https://octopart.com/click/track?c=1&country=US&ak=68b25f31&sig=09bdb9e&sid=2402&ppid=33978518&vpid=249303882&ct=offers,Digi-Key,SS16HE3_A/IGICT-ND,Cut Tape,0.15314,0.15314,76.57,0,1,https://octopart.com/click/track?country=US&ak=68b25f31&sig=07e257c&sid=459&ppid=33978518&vpid=159780215&ct=offers,
2,"SQ2308CES-T1-GE3,",Vishay,SQ2308CES-T1_GE3,https://octopart.com/sq2308ces-t1_ge3-vishay-63675369,"Q2, Q5",1247-024-4001-00,"TRAN,N-CH,60V,2.3A,SOT23",1000,SQ2308CES-T1_GE3,SQ2308CES-T1_GE3CT-ND,5059841,SQ2308CES-T1_GE3,96Y9635,,Cut Tape,Tape & Reel,,Cut Tape,0.4577,0.23113,,0.205,0.205,24,13256,0,67725,1988,1,1,3000,,1,https://octopart.com/click/track?country=US&ak=68b25f31&sig=0f24494&sid=1106&ppid=63675369&vpid=313338457&ct=offers,https://octopart.com/click/track?country=US&ak=68b25f31&sig=017e75e&sid=459&ppid=63675369&vpid=243010498&ct=offers,https://octopart.com/click/track?c=1&country=US&ak=68b25f31&sig=030eece&sid=2454&ppid=63675369&vpid=416969920&ct=offers,https://octopart.com/click/track?country=US&ak=68b25f31&sig=0adb61b&sid=2401&ppid=63675369&vpid=224466218&ct=offers,https://octopart.com/click/track?country=US&ak=68b25f31&sig=06821e8&sid=2402&ppid=63675369&vpid=273919816&ct=offers,Newark,96Y9635,Cut Tape,0.205,0.41,205,1988,1,https://octopart.com/click/track?country=US&ak=68b25f31&sig=06821e8&sid=2402&ppid=63675369&vpid=273919816&ct=offers,
1,"SMCJ150CAHE3/57T,",Vishay Semiconductor,SMCJ150CAHE3/57T,https://octopart.com/smcj150cahe3%2F57t-vishay+semiconductor-43247378,D32,1247-022-4004-00,"DI,TVS,150VR,243VC,1500W-10/1000US,SMC",500,,SMCJ150CAHE3/57T-ND,,,,,Tape & Reel,,,,,,,,,,0,,,,,1700,,,,,https://octopart.com/click/track?country=US&ak=68b25f31&sig=0856136&sid=459&ppid=43247378&vpid=159775574&ct=offers,,,,Digi-Key,SMCJ150CAHE3/57T-ND,Tape & Reel,,,,0,1700,https://octopart.com/click/track?country=US&ak=68b25f31&sig=0856136&sid=459&ppid=43247378&vpid=159775574&ct=offers,
2,"SMBJ40CAHE3/52,",Vishay Semiconductor,SMBJ40CAHE3/52,https://octopart.com/smbj40cahe3%2F52-vishay+semiconductor-43886404,"D1, D4",1247-022-4001-00,"DI,TVS,40VR,64.5VC,600W-10/1000US,SMB",1000,SMBJ40CAHE3/52,SMBJ40CAHE3/52-ND,,SMBJ40CAHE3/52,,,Tape & Reel,,,,0.2641,,,,,3000,0,,3000,,750,3000,,10000,,https://octopart.com/click/track?country=US&ak=68b25f31&sig=0fbd0be&sid=1106&ppid=43886404&vpid=232431548&ct=offers,https://octopart.com/click/track?country=US&ak=68b25f31&sig=0015854&sid=459&ppid=43886404&vpid=159772463&ct=offers,,https://octopart.com/click/track?country=US&ak=68b25f31&sig=0321dda&sid=2401&ppid=43886404&vpid=319022982&ct=offers,,Arrow,SMBJ40CAHE3/52,,0.2641,0.5282,264.1,3000,750,https://octopart.com/click/track?country=US&ak=68b25f31&sig=0fbd0be&sid=1106&ppid=43886404&vpid=232431548&ct=offers,
1,"SMAJ5.0CAHE3/61,",Vishay Semiconductor,SMAJ5.0CAHE3/61,https://octopart.com/smaj5.0cahe3%2F61-vishay+semiconductor-43416983,D23,1247-022-4008-00,"DI,TVS,5VR,9.2VC,400W-10/1000US,SMA",500,,SMAJ5.0CAHE3/61-ND,,SMAJ5.0CAHE3/61,,,Tape & Reel,,,,,,,,,,0,,862,,,3600,,10000,,,https://octopart.com/click/track?country=US&ak=68b25f31&sig=04cbee5&sid=459&ppid=43416983&vpid=159767652&ct=offers,,https://octopart.com/click/track?country=US&ak=68b25f31&sig=039b34e&sid=2401&ppid=43416983&vpid=263692429&ct=offers,,Digi-Key,SMAJ5.0CAHE3/61-ND,Tape & Reel,,,,0,3600,https://octopart.com/click/track?country=US&ak=68b25f31&sig=04cbee5&sid=459&ppid=43416983&vpid=159767652&ct=offers,
6,"RCL122575R0FKEG,",Vishay,RCL122575R0FKEG,https://octopart.com/rcl122575r0fkeg-vishay-45045787,"R5, R10, R111, R112, R113, R114",1247-025-4005-00,"RES,TF,1225,2W,75-OHM,1%",3000,,RCL75.0ETR-ND,,RCL122575R0FKEG,,,Tape & Reel,,,,,0.20343,,0.201,,,0,,0,,,2000,,,,,https://octopart.com/click/track?country=US&ak=68b25f31&sig=0117a65&sid=459&ppid=45045787&vpid=126840139&ct=offers,,https://octopart.com/click/track?country=US&ak=68b25f31&sig=04ebd77&sid=2401&ppid=45045787&vpid=116795341&ct=offers,,Mouser,RCL122575R0FKEG,,0.201,1.206,603,0,,https://octopart.com/click/track?country=US&ak=68b25f31&sig=04ebd77&sid=2401&ppid=45045787&vpid=116795341&ct=offers,
2,"MAL214699801E3,",Vishay,MAL214699801E3,https://octopart.com/mal214699801e3-vishay-44434597,"C58, C59",1247-029-4011-00,"CAP,AE,1010,SMT,22UF,20%,63V,430-MOHM",1000,MAL214699801E3**MULT1,4447PHTR-ND,,MAL214699801E3,53Y0741,Cut Tape,Tape & Reel,,,Cut Tape,1.2115,0.87612,,0.835,1.67,1360,1000,,1364,1194,1,500,,,1,https://octopart.com/click/track?country=US&ak=68b25f31&sig=00d7851&sid=1106&ppid=44434597&vpid=420415130&ct=offers,https://octopart.com/click/track?country=US&ak=68b25f31&sig=0bbd02c&sid=459&ppid=44434597&vpid=34309466&ct=offers,,https://octopart.com/click/track?country=US&ak=68b25f31&sig=08533c7&sid=2401&ppid=44434597&vpid=120109433&ct=offers,https://octopart.com/click/track?country=US&ak=68b25f31&sig=02c8ca6&sid=2402&ppid=44434597&vpid=242892827&ct=offers,Mouser,MAL214699801E3,,0.835,1.67,835,1364,,https://octopart.com/click/track?country=US&ak=68b25f31&sig=08533c7&sid=2401&ppid=44434597&vpid=120109433&ct=offers,
2,"WSHM2818R0500FEA,",Vishay Dale,WSHM2818R0500FEA,https://octopart.com/wshm2818r0500fea-vishay+dale-64758020,"R4, R9",1247-025-4004-00,"RES,METAL,2818,7W,0.05-OHM,1%",1000,,541-2633-1-ND,,WSHM2818R0500FEA,12AC7856,,Cut Tape,,,Tape & Reel,,0.51205,,0.512,,,0,,0,0,,1,,,3500,,https://octopart.com/click/track?country=US&ak=68b25f31&sig=00baa60&sid=459&ppid=64758020&vpid=225763048&ct=offers,,https://octopart.com/click/track?country=US&ak=68b25f31&sig=0a6bcfb&sid=2401&ppid=64758020&vpid=217353651&ct=offers,https://octopart.com/click/track?c=1&country=US&ak=68b25f31&sig=0ed2ef0&sid=2402&ppid=64758020&vpid=433180729&ct=offers,Mouser,WSHM2818R0500FEA,,0.512,1.024,512,0,,https://octopart.com/click/track?country=US&ak=68b25f31&sig=0a6bcfb&sid=2401&ppid=64758020&vpid=217353651&ct=offers,
2,"CRCW251210R0FKEGHP,",Vishay Dale,CRCW251210R0FKEGHP,https://octopart.com/crcw251210r0fkeghp-vishay+dale-44000726,"R60, R103",1247-025-4042-00,RES SMD 10 OHM 1% 1.5W 2512,1000,CRCW251210R0FKEGHP**MULT,541-10.0RDKR-ND,,CRCW251210R0FKEGHP,68R3013,,Custom Reel,,,Cut Tape,0.2164,0.25395,,0.435,0.435,1187,130,,168,1060,1,1,,,1,https://octopart.com/click/track?country=US&ak=68b25f31&sig=0624c42&sid=1106&ppid=44000726&vpid=420613361&ct=offers,https://octopart.com/click/track?country=US&ak=68b25f31&sig=0b387fd&sid=459&ppid=44000726&vpid=115678689&ct=offers,,https://octopart.com/click/track?country=US&ak=68b25f31&sig=04cfdd1&sid=2401&ppid=44000726&vpid=115539093&ct=offers,https://octopart.com/click/track?country=US&ak=68b25f31&sig=0f47fad&sid=2402&ppid=44000726&vpid=249267359&ct=offers,Arrow,CRCW251210R0FKEGHP**MULT,,0.2164,0.4328,216.4,1187,1,https://octopart.com/click/track?country=US&ak=68b25f31&sig=0624c42&sid=1106&ppid=44000726&vpid=420613361&ct=offers,
1,"TXB0104QPWRQ1,",Texas Instruments,TXB0104QPWRQ1,https://octopart.com/txb0104qpwrq1-texas+instruments-12193382,U5,1247-028-4004-00,"IC,VOLT-LEVEL,TRANSLATOR,TSSOP-14",500,TXB0104QPWRQ1**MULT1,296-27760-1-ND,,TXB0104QPWRQ1,87W8599,Cut Tape,Cut Tape,,,Cut Tape,0.7974,0.89434,,0.983,0.869,27,3191,,2635,1913,1,1,,,1,https://octopart.com/click/track?country=US&ak=68b25f31&sig=0941677&sid=1106&ppid=12193382&vpid=44632361&ct=offers,https://octopart.com/click/track?country=US&ak=68b25f31&sig=0b7ca1d&sid=459&ppid=12193382&vpid=34364690&ct=offers,,https://octopart.com/click/track?country=US&ak=68b25f31&sig=096f53f&sid=2401&ppid=12193382&vpid=78924243&ct=offers,https://octopart.com/click/track?country=US&ak=68b25f31&sig=0cc1ad5&sid=2402&ppid=12193382&vpid=78041586&ct=offers,Arrow,TXB0104QPWRQ1**MULT1,Cut Tape,0.7974,0.7974,398.7,27,1,https://octopart.com/click/track?country=US&ak=68b25f31&sig=0941677&sid=1106&ppid=12193382&vpid=44632361&ct=offers,
1,"TPS76333QDBVRG4Q1,",Texas Instruments,TPS76333QDBVRG4Q1,https://octopart.com/tps76333qdbvrg4q1-texas+instruments-12193392,U8,1247-028-4007-00,"IC,REG,LDO,3.3V,0.15A,SOT23-5",500,TPS76333QDBVRG4Q1**MULT1,296-23703-1-ND,,TPS76333QDBVRG4Q1,,Cut Tape,Cut Tape,,,,0.4839,0.54404,,0.598,,2900,966,,532,,1,1,,,,https://octopart.com/click/track?country=US&ak=68b25f31&sig=0b4a486&sid=1106&ppid=12193392&vpid=218190148&ct=offers,https://octopart.com/click/track?country=US&ak=68b25f31&sig=086648d&sid=459&ppid=12193392&vpid=34359148&ct=offers,,https://octopart.com/click/track?country=US&ak=68b25f31&sig=0d2b8ca&sid=2401&ppid=12193392&vpid=214729631&ct=offers,,Arrow,TPS76333QDBVRG4Q1**MULT1,Cut Tape,0.4839,0.4839,241.95,2900,1,https://octopart.com/click/track?country=US&ak=68b25f31&sig=0b4a486&sid=1106&ppid=12193392&vpid=218190148&ct=offers,
1,"TPS3808G50QDBVRQ1,",Texas Instruments,TPS3808G50QDBVRQ1,https://octopart.com/tps3808g50qdbvrq1-texas+instruments-8604882,U7,1247-028-4006-00,"IC,VOLTAGE-SUPERVISOR,5.0V,SOT23-6",500,TPS3808G50QDBVRQ1**MULT1,296-23126-1-ND,,TPS3808G50QDBVRQ1,54Y8737,Cut Tape,Cut Tape,,,,1.1842,1.2906,,1.52,1.27,42,5720,,4022,2542,1,1,,,1,https://octopart.com/click/track?country=US&ak=68b25f31&sig=0a11176&sid=1106&ppid=8604882&vpid=57992455&ct=offers,https://octopart.com/click/track?country=US&ak=68b25f31&sig=06ae423&sid=459&ppid=8604882&vpid=34358331&ct=offers,,https://octopart.com/click/track?country=US&ak=68b25f31&sig=020a67d&sid=2401&ppid=8604882&vpid=114542084&ct=offers,https://octopart.com/click/track?country=US&ak=68b25f31&sig=0f86651&sid=2402&ppid=8604882&vpid=231885557&ct=offers,Arrow,TPS3808G50QDBVRQ1**MULT1,Cut Tape,1.1842,1.1842,592.1,42,1,https://octopart.com/click/track?country=US&ak=68b25f31&sig=0a11176&sid=1106&ppid=8604882&vpid=57992455&ct=offers,
2,"SN65HVDA1040AQDRQ1,",Texas Instruments,SN65HVDA1040AQDRQ1,https://octopart.com/sn65hvda1040aqdrq1-texas+instruments-12705125,"U1, U2",1247-028-4001-00,"IC,TRANSCEIVER,CAN,HI-SPD,SOIC-8",1000,SN65HVDA1040AQDRQ1**MULT,296-25800-1-ND,,SN65HVDA1040AQDRQ1,69R0121,,Cut Tape,,,Tape & Reel,0.8899,0.85428,,0.715,,649,2201,,1346,0,1,1,,,2500,https://octopart.com/click/track?url=https%3A%2F%2Fwww.arrow.com%2Fen%2Fproducts%2Fsn65hvda1040aqdrq1%2Ftexas-instruments&country=US&ak=68b25f31&sig=0420ae0&sid=1106&ppid=12705125&ct=offers,https://octopart.com/click/track?url=http%3A%2F%2Fwww.digikey.com%2Fproduct-detail%2Fen%2FSN65HVDA1040AQDRQ1%2F296-25800-1-ND%2F2230955&country=US&ak=68b25f31&sig=0cd6aa5&sid=459&ppid=12705125&ct=offers,,https://octopart.com/click/track?country=US&ak=68b25f31&sig=041dd23&sid=2401&ppid=12705125&vpid=81706969&ct=offers,https://octopart.com/click/track?c=1&country=US&ak=68b25f31&sig=097fbf5&sid=2402&ppid=12705125&vpid=96791684&ct=offers,Mouser,SN65HVDA1040AQDRQ1,,0.715,1.43,715,1346,,https://octopart.com/click/track?country=US&ak=68b25f31&sig=041dd23&sid=2401&ppid=12705125&vpid=81706969&ct=offers,
1,"LM25011Q1MY/NOPB,",Texas Instruments,LM25011Q1MY/NOPB,https://octopart.com/lm25011q1my%2Fnopb-texas+instruments-24812676,U13,1247-028-4010-00,"IC,REG,BUCK,ADJ,2A,MSOP-10",500,LM25011Q1MY/NOPB**MULT1,LM25011Q1MY/NOPBCT-ND,,LM25011Q1MY/NOPB,,Cut Tape,Cut Tape,,,,1.992,2.15434,,2.09,,295,4247,,4321,,1,1,,1,,https://octopart.com/click/track?url=https%3A%2F%2Fwww.arrow.com%2Fen%2Fproducts%2Flm25011q1mynopb%2Ftexas-instruments&country=US&ak=68b25f31&sig=087bf41&sid=1106&ppid=24812676&ct=offers,https://octopart.com/click/track?url=http%3A%2F%2Fwww.digikey.com%2Fproduct-detail%2Fen%2FLM25011Q1MY%252fNOPB%2FLM25011Q1MY%252fNOPBCT-ND%2F2619136&country=US&ak=68b25f31&sig=0f95bdf&sid=459&ppid=24812676&ct=offers,,https://octopart.com/click/track?url=http%3A%2F%2Fwww.mouser.com%2FSearch%2FProductDetail.aspx%3Fqs%3Dg9WlUi2XTnafTNIQzRKaIQ%253d%253d%26utm_source%3Doctopart%26utm_medium%3Daggregator%26utm_campaign%3DLM25011Q1MY%2FNOPB%26utm_term%3DLM25011Q1MY%2FNOPB%26utm_content%3DTexas+Instruments&country=US&ak=68b25f31&sig=0199e1b&sid=2401&ppid=24812676&ct=offers,,Arrow,LM25011Q1MY/NOPB**MULT1,Cut Tape,1.992,1.992,996,295,1,https://octopart.com/click/track?url=https%3A%2F%2Fwww.arrow.com%2Fen%2Fproducts%2Flm25011q1mynopb%2Ftexas-instruments&country=US&ak=68b25f31&sig=087bf41&sid=1106&ppid=24812676&ct=offers,
2,"CD74HC4051QPWRQ1,",Texas Instruments,CD74HC4051QPWRQ1,https://octopart.com/cd74hc4051qpwrq1-texas+instruments-839945,"U4, U10",1247-028-4003-00,"IC,ANALOG-MUX-DEMUX,8TO1,TSSOP-16",1000,CD74HC4051QPWRQ1**MULT1,296-31590-1-ND,,CD74HC4051QPWRQ1,58Y3414,Cut Tape,Cut Tape,,,,0.2191,0.2472,,0.24,0.237,1257,1412,,1896,67,1,1,,1,1,https://octopart.com/click/track?url=https%3A%2F%2Fwww.arrow.com%2Fen%2Fproducts%2Fcd74hc4051qpwrq1%2Ftexas-instruments&country=US&ak=68b25f31&sig=0c89f29&sid=1106&ppid=839945&ct=offers,https://octopart.com/click/track?url=http%3A%2F%2Fwww.digikey.com%2Fproduct-detail%2Fen%2FCD74HC4051QPWRQ1%2F296-31590-1-ND%2F3505059&country=US&ak=68b25f31&sig=0a6c473&sid=459&ppid=839945&ct=offers,,https://octopart.com/click/track?url=http%3A%2F%2Fwww.mouser.com%2FSearch%2FProductDetail.aspx%3Fqs%3DxFfolx0DHx0C3g1jjxc5oA%253d%253d%26utm_source%3Doctopart%26utm_medium%3Daggregator%26utm_campaign%3DCD74HC4051QPWRQ1%26utm_term%3DCD74HC4051QPWRQ1%26utm_content%3DTexas+Instruments&country=US&ak=68b25f31&sig=0d26340&sid=2401&ppid=839945&ct=offers,https://octopart.com/click/track?country=US&ak=68b25f31&sig=043e908&sid=2402&ppid=839945&vpid=230080051&ct=offers,Arrow,CD74HC4051QPWRQ1**MULT1,Cut Tape,0.2191,0.4382,219.1,1257,1,https://octopart.com/click/track?url=https%3A%2F%2Fwww.arrow.com%2Fen%2Fproducts%2Fcd74hc4051qpwrq1%2Ftexas-instruments&country=US&ak=68b25f31&sig=0c89f29&sid=1106&ppid=839945&ct=offers,
10,"SMD100F/33-2,",TE Connectivity,SMD100F/33-2,https://octopart.com/smd100f%2F33-2-te+connectivity-39593683,"PTC4, PTC5, PTC6, PTC7, PTC8, PTC9, PTC10, PTC11, PTC12, PTC13",1247-017-4002-00,"FUSE,PTC,SMT,RST,1.10A,33V",5000,,,5551320,,,,,Tape & Reel,,,,,0.29,,,,,20000,,,,,2000,,,,,https://octopart.com/click/track?country=US&ak=68b25f31&sig=053dfdc&sid=2454&ppid=39593683&vpid=416898493&ct=offers,,,Future Electronics,5551320,Tape & Reel,0.29,2.9,1450,20000,2000,https://octopart.com/click/track?country=US&ak=68b25f31&sig=053dfdc&sid=2454&ppid=39593683&vpid=416898493&ct=offers,
2,"CGA9N3X7R2E105K230KA,",TDK,CGA9N3X7R2E105K230KA,https://octopart.com/cga9n3x7r2e105k230ka-tdk-26014991,"C53, C75",1247-029-4007-00,"CAP,CC,2220,1UF,250V,10%,X7R",1000,CGA9N3X7R2E105K230KA**MU,445-7944-2-ND,9067268,CGA9N3X7R2E105K230KA,03AC2443,,Tape & Reel,Tape & Reel,,Tape & Reel,0.6613,0.45375,0.705,0.468,0.468,385,31000,0,2135,0,1,500,500,1,500,https://octopart.com/click/track?url=https%3A%2F%2Fwww.arrow.com%2Fen%2Fproducts%2Fcga9n3x7r2e105k230ka%2Ftdk&country=US&ak=68b25f31&sig=0a8e69a&sid=1106&ppid=26014991&ct=offers,https://octopart.com/click/track?country=US&ak=68b25f31&sig=0697933&sid=459&ppid=26014991&vpid=63978445&ct=offers,https://octopart.com/click/track?c=1&country=US&ak=68b25f31&sig=0dca334&sid=2454&ppid=26014991&vpid=416920545&ct=offers,https://octopart.com/click/track?url=http%3A%2F%2Fwww.mouser.com%2FSearch%2FProductDetail.aspx%3Fqs%3DNRhsANhppD9ODf2mQl%252fgsw%253d%253d%26utm_source%3Doctopart%26utm_medium%3Daggregator%26utm_campaign%3DCGA9N3X7R2E105K230KA%26utm_term%3DCGA9N3X7R2E105K230KA%26utm_content%3DTDK&country=US&ak=68b25f31&sig=050917f&sid=2401&ppid=26014991&ct=offers,https://octopart.com/click/track?c=1&country=US&ak=68b25f31&sig=0d6da86&sid=2402&ppid=26014991&vpid=423922948&ct=offers,Digi-Key,445-7944-2-ND,Tape & Reel,0.45375,0.9075,453.75,31000,500,https://octopart.com/click/track?country=US&ak=68b25f31&sig=0697933&sid=459&ppid=26014991&vpid=63978445&ct=offers,
2,"CGA3E2C0G1H080D080AA,",TDK,CGA3E2C0G1H080D080AA,https://octopart.com/cga3e2c0g1h080d080aa-tdk-26014480,"C77, C78",1247-029-4014-00,"CAP,CC,0603,8PF,50V,0.5PF,C0G",1000,CGA3E2C0G1H080D080AA**MU,445-5626-1-ND,,CGA3E2C0G1H080D080AA,80X3159,,Cut Tape,,,Cut Tape,0.0162,0.02087,,0.018,0.018,1600,94723,,23410,10990,1,1,,1,10,https://octopart.com/click/track?url=https%3A%2F%2Fwww.arrow.com%2Fen%2Fproducts%2Fcga3e2c0g1h080d080aa%2Ftdk&country=US&ak=68b25f31&sig=0b11f4f&sid=1106&ppid=26014480&ct=offers,https://octopart.com/click/track?country=US&ak=68b25f31&sig=066ff18&sid=459&ppid=26014480&vpid=63976863&ct=offers,,https://octopart.com/click/track?url=http%3A%2F%2Fwww.mouser.com%2FSearch%2FProductDetail.aspx%3Fqs%3DFxQuwy19cyCBL%252fZ2hf%252finw%253d%253d%26utm_source%3Doctopart%26utm_medium%3Daggregator%26utm_campaign%3DCGA3E2C0G1H080D080AA%26utm_term%3DCGA3E2C0G1H080D080AA%26utm_content%3DTDK&country=US&ak=68b25f31&sig=04d67dd&sid=2401&ppid=26014480&ct=offers,https://octopart.com/click/track?country=US&ak=68b25f31&sig=0d7d1a4&sid=2402&ppid=26014480&vpid=173779760&ct=offers,Arrow,CGA3E2C0G1H080D080AA**MU,,0.0162,0.0324,16.2,1600,1,https://octopart.com/click/track?url=https%3A%2F%2Fwww.arrow.com%2Fen%2Fproducts%2Fcga3e2c0g1h080d080aa%2Ftdk&country=US&ak=68b25f31&sig=0b11f4f&sid=1106&ppid=26014480&ct=offers,
1,"NRS4010T4R7MDGGV,",Taiyo Yuden,NRS4010T4R7MDGGV,https://octopart.com/nrs4010t4r7mdggv-taiyo+yuden-34508858,L4,1247-030-4002-00,"IND,WW,SMT,4.7UH,20%,1.2A,168-MOHM",500,NRS4010T4R7MDGGV**MULT1,587-3567-6-ND,,NRS4010T4R7MDGGV,29X7697,Cut Tape,Custom Reel,,,,0.2828,0.24634,,0.291,0.187,5000,8342,,4960,0,1,1,,,,https://octopart.com/click/track?country=US&ak=68b25f31&sig=05af2da&sid=1106&ppid=34508858&vpid=275665010&ct=offers,https://octopart.com/click/track?country=US&ak=68b25f31&sig=0600355&sid=459&ppid=34508858&vpid=103149527&ct=offers,,https://octopart.com/click/track?country=US&ak=68b25f31&sig=025aa14&sid=2401&ppid=34508858&vpid=107510691&ct=offers,https://octopart.com/click/track?c=1&country=US&ak=68b25f31&sig=0f36550&sid=2402&ppid=34508858&vpid=120989838&ct=offers,Newark,29X7697,,0.187,0.187,93.5,0,,https://octopart.com/click/track?c=1&country=US&ak=68b25f31&sig=0f36550&sid=2402&ppid=34508858&vpid=120989838&ct=offers,
2,"TSV324IYPT,",STMicroelectronics,TSV324IYPT,https://octopart.com/tsv324iypt-stmicroelectronics-19039378,"U15, U16",1247-028-4011-00,"IC,OP-AMP,QUAD,TSSOP14",1000,,497-10279-2-ND,,TSV324IYPT,,,Tape & Reel,,,,,,,0.304,,,0,,0,,,5000,,,,,https://octopart.com/click/track?country=US&ak=68b25f31&sig=03d9c50&sid=459&ppid=19039378&vpid=33593030&ct=offers,,https://octopart.com/click/track?country=US&ak=68b25f31&sig=09c5c06&sid=2401&ppid=19039378&vpid=255980375&ct=offers,,Mouser,TSV324IYPT,,0.304,0.608,304,0,,https://octopart.com/click/track?country=US&ak=68b25f31&sig=09c5c06&sid=2401&ppid=19039378&vpid=255980375&ct=offers,
3,"TSV321RIYLT,",STMicroelectronics,TSV321RIYLT,https://octopart.com/tsv321riylt-stmicroelectronics-19039376,"U17, U18, U19",1247-028-4012-00,"IC,OP-AMP,SOT23-5",1500,TSV321RIYLT,497-10277-6-ND,,TSV321RIYLT,87T4009,,Custom Reel,,,,0.5082,0.28016,,0.272,0.227,89,1467,,3573,0,1,1,,,,https://octopart.com/click/track?country=US&ak=68b25f31&sig=0f5d5c8&sid=1106&ppid=19039376&vpid=172185690&ct=offers,https://octopart.com/click/track?country=US&ak=68b25f31&sig=05cf77a&sid=459&ppid=19039376&vpid=33960856&ct=offers,,https://octopart.com/click/track?country=US&ak=68b25f31&sig=0e42af5&sid=2401&ppid=19039376&vpid=243069396&ct=offers,https://octopart.com/click/track?c=1&country=US&ak=68b25f31&sig=0f09103&sid=2402&ppid=19039376&vpid=240870912&ct=offers,Newark,87T4009,,0.227,0.681,340.5,0,,https://octopart.com/click/track?c=1&country=US&ak=68b25f31&sig=0f09103&sid=2402&ppid=19039376&vpid=240870912&ct=offers,
1,STTH30L06GY-TR,STMicroelectronics,STTH30L06GY-TR,https://octopart.com/stth30l06gy-tr-stmicroelectronics-26451410,D20,1247-022-4005-00,"DI,GP,40A,800V,TO-263",500,STTH30L06GY-TR**MULT1,497-13540-1-ND,2078732,STTH30L06GY-TR,,Cut Tape,Cut Tape,Tape & Reel,,,2.271,2.7827,,3.03,,795,520,0,1988,,1,1,1000,,,https://octopart.com/click/track?url=https%3A%2F%2Fwww.arrow.com%2Fen%2Fproducts%2Fstth30l06gy-tr%2Fstmicroelectronics&country=US&ak=68b25f31&sig=08b52ce&sid=1106&ppid=26451410&ct=offers,https://octopart.com/click/track?url=http%3A%2F%2Fwww.digikey.com%2Fproduct-detail%2Fen%2FSTTH30L06GY-TR%2F497-13540-1-ND%2F3874226&country=US&ak=68b25f31&sig=06d3003&sid=459&ppid=26451410&ct=offers,https://octopart.com/click/track?c=1&country=US&ak=68b25f31&sig=0f199ac&sid=2454&ppid=26451410&vpid=416913037&ct=offers,https://octopart.com/click/track?country=US&ak=68b25f31&sig=09d707f&sid=2401&ppid=26451410&vpid=241745234&ct=offers,,Arrow,STTH30L06GY-TR**MULT1,Cut Tape,2.271,2.271,1135.5,795,1,https://octopart.com/click/track?url=https%3A%2F%2Fwww.arrow.com%2Fen%2Fproducts%2Fstth30l06gy-tr%2Fstmicroelectronics&country=US&ak=68b25f31&sig=08b52ce&sid=1106&ppid=26451410&ct=offers,
7,"STD18NF25,",STMicroelectronics,STD18NF25,https://octopart.com/std18nf25-stmicroelectronics-12705089,"Q8, Q9, Q10, Q11, Q12, Q13, Q17",1247-024-4003-00,"TRAN,N-CH,250V,17A,TO-252",3500,STD18NF25,497-10299-2-ND,1008000,STD18NF25,,,Tape & Reel,Tape & Reel,,,0.9347,0.96674,1.02,0.879,,6,0,0,0,,1,2500,2500,1,,https://octopart.com/click/track?url=https%3A%2F%2Fwww.arrow.com%2Fen%2Fproducts%2Fstd18nf25%2Fstmicroelectronics&country=US&ak=68b25f31&sig=073fa94&sid=1106&ppid=12705089&ct=offers,https://octopart.com/click/track?url=http%3A%2F%2Fwww.digikey.com%2Fproduct-detail%2Fen%2FSTD18NF25%2F497-10299-2-ND%2F2195599&country=US&ak=68b25f31&sig=0d77879&sid=459&ppid=12705089&ct=offers,https://octopart.com/click/track?c=1&country=US&ak=68b25f31&sig=099369e&sid=2454&ppid=12705089&vpid=110034893&ct=offers,https://octopart.com/click/track?url=http%3A%2F%2Fwww.mouser.com%2FSearch%2FProductDetail.aspx%3Fqs%3DpW7VN3fQ%25252bU%252fruNFpOXp3Vw%253d%253d%26utm_source%3Doctopart%26utm_medium%3Daggregator%26utm_campaign%3DSTD18NF25%26utm_term%3DSTD18NF25%26utm_content%3DSTMicroelectronics&country=US&ak=68b25f31&sig=0dc7334&sid=2401&ppid=12705089&ct=offers,,Mouser,STD18NF25,,0.879,6.153,3076.5,0,1,https://octopart.com/click/track?url=http%3A%2F%2Fwww.mouser.com%2FSearch%2FProductDetail.aspx%3Fqs%3DpW7VN3fQ%25252bU%252fruNFpOXp3Vw%253d%253d%26utm_source%3Doctopart%26utm_medium%3Daggregator%26utm_campaign%3DSTD18NF25%26utm_term%3DSTD18NF25%26utm_content%3DSTMicroelectronics&country=US&ak=68b25f31&sig=0dc7334&sid=2401&ppid=12705089&ct=offers,
1,"DVIULC6-4SC6Y,",STMicroelectronics,DVIULC6-4SC6Y,https://octopart.com/dviulc6-4sc6y-stmicroelectronics-21709942,U14,1247-022-4011-00,"DI,TVS,4CH,6VR,17VC,5A-8/20US,SOT23-6",500,DVIULC6-4SC6Y**MULT1,497-12157-1-ND,7059093,DVIULC6-4SC6Y,41Y5465,Cut Tape,Cut Tape,Tape & Reel,,Tape & Reel,0.4702,0.59298,,0.652,,1910,4846,0,2153,0,1,1,3000,,3000,https://octopart.com/click/track?country=US&ak=68b25f31&sig=0bc6e63&sid=1106&ppid=21709942&vpid=265395454&ct=offers,https://octopart.com/click/track?country=US&ak=68b25f31&sig=0e5dd31&sid=459&ppid=21709942&vpid=45686088&ct=offers,https://octopart.com/click/track?c=1&country=US&ak=68b25f31&sig=0c42b7e&sid=2454&ppid=21709942&vpid=416909721&ct=offers,https://octopart.com/click/track?country=US&ak=68b25f31&sig=0f5af0c&sid=2401&ppid=21709942&vpid=195946607&ct=offers,https://octopart.com/click/track?c=1&country=US&ak=68b25f31&sig=090cb74&sid=2402&ppid=21709942&vpid=217104369&ct=offers,Arrow,DVIULC6-4SC6Y**MULT1,Cut Tape,0.4702,0.4702,235.1,1910,1,https://octopart.com/click/track?country=US&ak=68b25f31&sig=0bc6e63&sid=1106&ppid=21709942&vpid=265395454&ct=offers,
2,"ERJ-8ENF1072V,",Panasonic,ERJ-8ENF1072V,https://octopart.com/erj-8enf1072v-panasonic-55423210,"R12, R14",1247-025-4006-00,"RES,TF,1206,1/4W,10.7K-OHM,1%",1000,ERJ-8ENF1072V**MULT1,P10.7KFCT-ND,,ERJ-8ENF1072V,85Y9587,Cut Tape,Cut Tape,,,Cut Tape,0.0076,0.00958,,0.009,0.009,44700,25259,,32938,19354,1,1,,1,10,https://octopart.com/click/track?url=https%3A%2F%2Fwww.arrow.com%2Fen%2Fproducts%2Ferj-8enf1072v%2Fpanasonic&country=US&ak=68b25f31&sig=09633aa&sid=1106&ppid=55423210&ct=offers,https://octopart.com/click/track?country=US&ak=68b25f31&sig=04924de&sid=459&ppid=55423210&vpid=188383460&ct=offers,,https://octopart.com/click/track?url=http%3A%2F%2Fwww.mouser.com%2FSearch%2FProductDetail.aspx%3Fqs%3D8%25252bG0TiN%252fgVq%25252bjrI5eAjRsQ%253d%253d%26utm_source%3Doctopart%26utm_medium%3Daggregator%26utm_campaign%3DERJ-8ENF1072V%26utm_term%3DERJ-8ENF1072V%26utm_content%3DPanasonic&country=US&ak=68b25f31&sig=0e69e48&sid=2401&ppid=55423210&ct=offers,https://octopart.com/click/track?country=US&ak=68b25f31&sig=0328a0b&sid=2402&ppid=55423210&vpid=423915802&ct=offers,Arrow,ERJ-8ENF1072V**MULT1,Cut Tape,0.0076,0.0152,7.6,44700,1,https://octopart.com/click/track?url=https%3A%2F%2Fwww.arrow.com%2Fen%2Fproducts%2Ferj-8enf1072v%2Fpanasonic&country=US&ak=68b25f31&sig=09633aa&sid=1106&ppid=55423210&ct=offers,
14,"ERJ-8ENF1002V,",Panasonic,ERJ-8ENF1002V,https://octopart.com/erj-8enf1002v-panasonic-55403703,"R16, R19, R22, R25, R28, R31, R34, R37, R40, R43, R46, R49, R98, R104",1247-025-4008-00,"RES,TF,1206,1/4W,10K-OHM,1%",7000,ERJ-8ENF1002V,P10.0KFTR-ND,3028504,ERJ-8ENF1002V,90W3548,,Tape & Reel,Tape & Reel,,Tape & Reel,0.0064,0.00687,0.05,0.006,0.004,85000,960000,270000,260120,120000,5000,5000,5000,1,5000,https://octopart.com/click/track?url=https%3A%2F%2Fwww.arrow.com%2Fen%2Fproducts%2Ferj-8enf1002v%2Fpanasonic&country=US&ak=68b25f31&sig=05b9efe&sid=1106&ppid=55403703&ct=offers,https://octopart.com/click/track?country=US&ak=68b25f31&sig=0ea285c&sid=459&ppid=55403703&vpid=188064016&ct=offers,https://octopart.com/click/track?country=US&ak=68b25f31&sig=092856b&sid=2454&ppid=55403703&vpid=416894947&ct=offers,https://octopart.com/click/track?url=http%3A%2F%2Fwww.mouser.com%2FSearch%2FProductDetail.aspx%3Fqs%3DtQNqqtTOejJ8WW2Q5R5omg%253d%253d%26utm_source%3Doctopart%26utm_medium%3Daggregator%26utm_campaign%3DERJ-8ENF1002V%26utm_term%3DERJ-8ENF1002V%26utm_content%3DPanasonic&country=US&ak=68b25f31&sig=084ad0f&sid=2401&ppid=55403703&ct=offers,https://octopart.com/click/track?country=US&ak=68b25f31&sig=0e23683&sid=2402&ppid=55403703&vpid=191371895&ct=offers,Newark,90W3548,Tape & Reel,0.004,0.056,28,120000,5000,https://octopart.com/click/track?country=US&ak=68b25f31&sig=0e23683&sid=2402&ppid=55403703&vpid=191371895&ct=offers,
2,"ERJ-8ENF1001V,",Panasonic,ERJ-8ENF1001V,https://octopart.com/erj-8enf1001v-panasonic-55423196,"R92, R96",1247-025-4043-00,"RES,TF,1206,1/4W,1K-OHM,1%",1000,ERJ-8ENF1001V**MULT1,P1.00KFCT-ND,4028504,ERJ-8ENF1001V,64R5430,Cut Tape,Cut Tape,Tape & Reel,,Cut Tape,0.0076,0.00958,,0.009,0.009,51435,23458,115000,87120,2787,1,1,5000,,1,https://octopart.com/click/track?url=https%3A%2F%2Fwww.arrow.com%2Fen%2Fproducts%2Ferj-8enf1001v%2Fpanasonic&country=US&ak=68b25f31&sig=060a72c&sid=1106&ppid=55423196&ct=offers,https://octopart.com/click/track?country=US&ak=68b25f31&sig=0c18431&sid=459&ppid=55423196&vpid=188064011&ct=offers,https://octopart.com/click/track?country=US&ak=68b25f31&sig=0efd785&sid=2454&ppid=55423196&vpid=416894946&ct=offers,https://octopart.com/click/track?country=US&ak=68b25f31&sig=092f879&sid=2401&ppid=55423196&vpid=187841299&ct=offers,https://octopart.com/click/track?country=US&ak=68b25f31&sig=0947eaf&sid=2402&ppid=55423196&vpid=190852321&ct=offers,Arrow,ERJ-8ENF1001V**MULT1,Cut Tape,0.0076,0.0152,7.6,51435,1,https://octopart.com/click/track?url=https%3A%2F%2Fwww.arrow.com%2Fen%2Fproducts%2Ferj-8enf1001v%2Fpanasonic&country=US&ak=68b25f31&sig=060a72c&sid=1106&ppid=55423196&ct=offers,
1,"ERJ-3RQFR22V,",Panasonic,ERJ-3RQFR22V,https://octopart.com/erj-3rqfr22v-panasonic-55422208,R116,1247-025-4020-00,"RES,TF,0603,1/10W,0.22-OHM,1%",500,ERJ-3RQFR22V**MULT1,P.22AJCT-ND,9028509,ERJ-3RQFR22V,15R1425,Cut Tape,Cut Tape,Tape & Reel,,Cut Tape,0.0336,0.03432,,0.048,,7,0,0,0,0,1,1,5000,1,10000,https://octopart.com/click/track?url=https%3A%2F%2Fwww.arrow.com%2Fen%2Fproducts%2Ferj-3rqfr22v%2Fpanasonic&country=US&ak=68b25f31&sig=04bf230&sid=1106&ppid=55422208&ct=offers,https://octopart.com/click/track?country=US&ak=68b25f31&sig=03b9bc2&sid=459&ppid=55422208&vpid=188062436&ct=offers,https://octopart.com/click/track?c=1&country=US&ak=68b25f31&sig=0b8be92&sid=2454&ppid=55422208&vpid=416894579&ct=offers,https://octopart.com/click/track?url=http%3A%2F%2Fwww.mouser.com%2FSearch%2FProductDetail.aspx%3Fqs%3D4WZYzuGhm5oZThFNkuea0g%253d%253d%26utm_source%3Doctopart%26utm_medium%3Daggregator%26utm_campaign%3DERJ-3RQFR22V%26utm_term%3DERJ-3RQFR22V%26utm_content%3DPanasonic&country=US&ak=68b25f31&sig=0cb1e17&sid=2401&ppid=55422208&ct=offers,https://octopart.com/click/track?c=1&country=US&ak=68b25f31&sig=0ba32d4&sid=2402&ppid=55422208&vpid=190851844&ct=offers,Arrow,ERJ-3RQFR22V**MULT1,Cut Tape,0.0336,0.0336,16.8,7,1,https://octopart.com/click/track?url=https%3A%2F%2Fwww.arrow.com%2Fen%2Fproducts%2Ferj-3rqfr22v%2Fpanasonic&country=US&ak=68b25f31&sig=04bf230&sid=1106&ppid=55422208&ct=offers,
4,"ERJ-3GEY0R00V,",Panasonic,ERJ-3GEY0R00V,https://octopart.com/erj-3gey0r00v-panasonic-55389238,"R88, R89, R135, R143",1247-025-4017-00,"RES,TF,0603,1/10W,0-OHM,JUMPER",2000,ERJ-3GEY0R00V**MULT1,P0.0GCT-ND,9028511,ERJ-3GEY0R00V,12AC1136,Cut Tape,Cut Tape,Tape & Reel,,,0.0026,0.00292,,0.003,0.002,16038,5344421,1330000,2283972,0,1,1,5000,1,,https://octopart.com/click/track?url=https%3A%2F%2Fwww.arrow.com%2Fen%2Fproducts%2Ferj-3gey0r00v%2Fpanasonic&country=US&ak=68b25f31&sig=0e0eaf4&sid=1106&ppid=55389238&ct=offers,https://octopart.com/click/track?country=US&ak=68b25f31&sig=0908af0&sid=459&ppid=55389238&vpid=188062070&ct=offers,https://octopart.com/click/track?country=US&ak=68b25f31&sig=0216b2c&sid=2454&ppid=55389238&vpid=416894481&ct=offers,https://octopart.com/click/track?url=http%3A%2F%2Fwww.mouser.com%2FSearch%2FProductDetail.aspx%3Fqs%3D66DK8nO8gJALIOqOWgiVwg%253d%253d%26utm_source%3Doctopart%26utm_medium%3Daggregator%26utm_campaign%3DERJ-3GEY0R00V%26utm_term%3DERJ-3GEY0R00V%26utm_content%3DPanasonic&country=US&ak=68b25f31&sig=05a5389&sid=2401&ppid=55389238&ct=offers,https://octopart.com/click/track?c=1&country=US&ak=68b25f31&sig=0d41cb0&sid=2402&ppid=55389238&vpid=423915575&ct=offers,Newark,12AC1136,,0.002,0.008,4,0,,https://octopart.com/click/track?c=1&country=US&ak=68b25f31&sig=0d41cb0&sid=2402&ppid=55389238&vpid=423915575&ct=offers,
10,"ERJ-3EKF4751V,",Panasonic,ERJ-3EKF4751V,https://octopart.com/erj-3ekf4751v-panasonic-55421784,"R1, R52, R55, R58, R61, R64, R67, R72, R73, R109",1247-025-4001-00,"RES,TF,0603,1/10W,4.75K-OHM,1%",5000,ERJ-3EKF4751V,P4.75KHTR-ND,8028512,ERJ-3EKF4751V,97W7384,,Tape & Reel,Tape & Reel,,Tape & Reel,0.0046,0.00279,0.05,0.004,0.002,33000,465001,0,69883,30000,5000,5000,5000,,5000,https://octopart.com/click/track?country=US&ak=68b25f31&sig=0f96b48&sid=1106&ppid=55421784&vpid=196780163&ct=offers,https://octopart.com/click/track?country=US&ak=68b25f31&sig=07e45ff&sid=459&ppid=55421784&vpid=188061656&ct=offers,https://octopart.com/click/track?c=1&country=US&ak=68b25f31&sig=0f3b268&sid=2454&ppid=55421784&vpid=416894357&ct=offers,https://octopart.com/click/track?country=US&ak=68b25f31&sig=05e5d50&sid=2401&ppid=55421784&vpid=187840024&ct=offers,https://octopart.com/click/track?country=US&ak=68b25f31&sig=04f8618&sid=2402&ppid=55421784&vpid=191370573&ct=offers,Newark,97W7384,Tape & Reel,0.002,0.02,10,30000,5000,https://octopart.com/click/track?country=US&ak=68b25f31&sig=04f8618&sid=2402&ppid=55421784&vpid=191370573&ct=offers,
9,"ERJ-3EKF2742V,",Panasonic,ERJ-3EKF2742V,https://octopart.com/erj-3ekf2742v-panasonic-55421654,"R53, R56, R59, R62, R65, R68, R101, R102, R115",1247-025-4011-00,"RES,TF,0603,1/10W,27.4K-OHM,1%",4500,ERJ-3EKF2742V**MULT1,P27.4KHCT-ND,8058854,ERJ-3EKF2742V,65T8406,Cut Tape,Cut Tape,Tape & Reel,,Cut Tape,0.002,0.00338,,0.004,0.003,988,31964,60000,59235,1244,1,1,5000,,1,https://octopart.com/click/track?country=US&ak=68b25f31&sig=0e28d25&sid=1106&ppid=55421654&vpid=119745461&ct=offers,https://octopart.com/click/track?country=US&ak=68b25f31&sig=04fb65f&sid=459&ppid=55421654&vpid=188061096&ct=offers,https://octopart.com/click/track?country=US&ak=68b25f31&sig=07ab74c&sid=2454&ppid=55421654&vpid=416895339&ct=offers,https://octopart.com/click/track?country=US&ak=68b25f31&sig=076c5fc&sid=2401&ppid=55421654&vpid=191975961&ct=offers,https://octopart.com/click/track?country=US&ak=68b25f31&sig=0f36992&sid=2402&ppid=55421654&vpid=190851582&ct=offers,Arrow,ERJ-3EKF2742V**MULT1,Cut Tape,0.002,0.018,9,988,1,https://octopart.com/click/track?country=US&ak=68b25f31&sig=0e28d25&sid=1106&ppid=55421654&vpid=119745461&ct=offers,
1,"ERJ-3EKF2493V,",Panasonic,ERJ-3EKF2493V,https://octopart.com/erj-3ekf2493v-panasonic-55421634,R63,1247-025-4013-00,"RES,TF,0603,1/10W,249K-OHM,1%",500,ERJ-3EKF2493V**MULT1,P249KHCT-ND,,ERJ-3EKF2493V,65T8397,Cut Tape,Cut Tape,,,Cut Tape,0.0039,0.0087,,0.006,0.003,464,7368,,51458,6474,1,1,,1,1,https://octopart.com/click/track?url=https%3A%2F%2Fwww.arrow.com%2Fen%2Fproducts%2Ferj-3ekf2493v%2Fpanasonic&country=US&ak=68b25f31&sig=07f6a20&sid=1106&ppid=55421634&ct=offers,https://octopart.com/click/track?country=US&ak=68b25f31&sig=0af4665&sid=459&ppid=55421634&vpid=188061002&ct=offers,,https://octopart.com/click/track?url=http%3A%2F%2Fwww.mouser.com%2FSearch%2FProductDetail.aspx%3Fqs%3DiBwFsHVUAOd0PKYgLPYZEw%253d%253d%26utm_source%3Doctopart%26utm_medium%3Daggregator%26utm_campaign%3DERJ-3EKF2493V%26utm_term%3DERJ-3EKF2493V%26utm_content%3DPanasonic&country=US&ak=68b25f31&sig=02b6d53&sid=2401&ppid=55421634&ct=offers,https://octopart.com/click/track?country=US&ak=68b25f31&sig=060803a&sid=2402&ppid=55421634&vpid=191370382&ct=offers,Newark,65T8397,Cut Tape,0.003,0.003,1.5,6474,1,https://octopart.com/click/track?country=US&ak=68b25f31&sig=060803a&sid=2402&ppid=55421634&vpid=191370382&ct=offers,
2,"ERJ-3EKF2491V,",Panasonic,ERJ-3EKF2491V,https://octopart.com/erj-3ekf2491v-panasonic-55421631,"R66, R69",1247-025-4014-00,"RES,TF,0603,1/10W,2.49K-OHM,1%",1000,ERJ-3EKF2491V**MULT1,P2.49KHCT-ND,2037517,ERJ-3EKF2491V,65T8395,Cut Tape,Cut Tape,Tape & Reel,,Cut Tape,0.0031,0.00389,,0.004,0.004,6563,432385,0,79247,3962,1,1,5000,1,1,https://octopart.com/click/track?url=https%3A%2F%2Fwww.arrow.com%2Fen%2Fproducts%2Ferj-3ekf2491v%2Fpanasonic&country=US&ak=68b25f31&sig=036d430&sid=1106&ppid=55421631&ct=offers,https://octopart.com/click/track?country=US&ak=68b25f31&sig=0a27254&sid=459&ppid=55421631&vpid=188060988&ct=offers,https://octopart.com/click/track?c=1&country=US&ak=68b25f31&sig=03b974b&sid=2454&ppid=55421631&vpid=416894238&ct=offers,https://octopart.com/click/track?url=http%3A%2F%2Fwww.mouser.com%2FSearch%2FProductDetail.aspx%3Fqs%3DDQ1bOpn7xPDHLtk4SSD1Vg%253d%253d%26utm_source%3Doctopart%26utm_medium%3Daggregator%26utm_campaign%3DERJ-3EKF2491V%26utm_term%3DERJ-3EKF2491V%26utm_content%3DPanasonic&country=US&ak=68b25f31&sig=06eabdc&sid=2401&ppid=55421631&ct=offers,https://octopart.com/click/track?country=US&ak=68b25f31&sig=071ca3b&sid=2402&ppid=55421631&vpid=190851571&ct=offers,Arrow,ERJ-3EKF2491V**MULT1,Cut Tape,0.0031,0.0062,3.1,6563,1,https://octopart.com/click/track?url=https%3A%2F%2Fwww.arrow.com%2Fen%2Fproducts%2Ferj-3ekf2491v%2Fpanasonic&country=US&ak=68b25f31&sig=036d430&sid=1106&ppid=55421631&ct=offers,
3,"ERJ-3EKF1400V,",Panasonic,ERJ-3EKF1400V,https://octopart.com/erj-3ekf1400v-panasonic-55421468,"R70, R71, R110",1247-025-4015-00,"RES,TF,0603,1/10W,140-OHM,1%",1500,ERJ-3EKF1400V**MULT1,P140HDKR-ND,,ERJ-3EKF1400V,53W4528,Cut Tape,Custom Reel,,,Cut Tape,0.0031,0.00389,,0.004,0.003,1129,0,,25846,2882,1,1,,,1,https://octopart.com/click/track?country=US&ak=68b25f31&sig=0495dea&sid=1106&ppid=55421468&vpid=194049953&ct=offers,https://octopart.com/click/track?country=US&ak=68b25f31&sig=0e6c18a&sid=459&ppid=55421468&vpid=188060529&ct=offers,,https://octopart.com/click/track?country=US&ak=68b25f31&sig=074c14e&sid=2401&ppid=55421468&vpid=190905951&ct=offers,https://octopart.com/click/track?country=US&ak=68b25f31&sig=0d30503&sid=2402&ppid=55421468&vpid=191370155&ct=offers,Newark,53W4528,Cut Tape,0.003,0.009,4.5,2882,1,https://octopart.com/click/track?country=US&ak=68b25f31&sig=0d30503&sid=2402&ppid=55421468&vpid=191370155&ct=offers,
22,"ERJ-3EKF1001V,",Panasonic,ERJ-3EKF1001V,https://octopart.com/erj-3ekf1001v-panasonic-55403646,"R3, R6, R8, R11, R94, R95, R125, R126, R127, R128, R129, R130, R131, R132, R133, R134, R136, R137, R138, R139, R140, R141",1247-025-4003-00,"RES,TF,0603,1/10W,1K-OHM,1%",11000,,P1.00KHTR-ND,3028514,ERJ-3EKF1001V,85Y8499,,Tape & Reel,Tape & Reel,,,,0.00242,0.15,0.002,0.002,,0,25000,0,0,,5000,5000,,,,https://octopart.com/click/track?country=US&ak=68b25f31&sig=0f933f7&sid=459&ppid=55403646&vpid=188060331&ct=offers,https://octopart.com/click/track?country=US&ak=68b25f31&sig=0f4e690&sid=2454&ppid=55403646&vpid=416894090&ct=offers,https://octopart.com/click/track?country=US&ak=68b25f31&sig=06e38e4&sid=2401&ppid=55403646&vpid=187839571&ct=offers,https://octopart.com/click/track?c=1&country=US&ak=68b25f31&sig=05cb2cf&sid=2402&ppid=55403646&vpid=432963601&ct=offers,Newark,85Y8499,,0.002,0.044,22,0,,https://octopart.com/click/track?c=1&country=US&ak=68b25f31&sig=05cb2cf&sid=2402&ppid=55403646&vpid=432963601&ct=offers,
2,"ERJ-3EKF1000V,",Panasonic,ERJ-3EKF1000V,https://octopart.com/erj-3ekf1000v-panasonic-55403645,"R2, R7",1247-025-4002-00,"RES,TF,0603,1/10W,100-OHM,1%",1000,,P100HDKR-ND,4028514,ERJ-3EKF1000V,85Y8496,,Custom Reel,Tape & Reel,,Cut Tape,,0.00389,,0.004,0.004,,0,10000,200,0,,1,5000,,10,,https://octopart.com/click/track?country=US&ak=68b25f31&sig=0d456e0&sid=459&ppid=55403645&vpid=188060327&ct=offers,https://octopart.com/click/track?country=US&ak=68b25f31&sig=04d55af&sid=2454&ppid=55403645&vpid=416894089&ct=offers,https://octopart.com/click/track?country=US&ak=68b25f31&sig=0ef28ff&sid=2401&ppid=55403645&vpid=187839569&ct=offers,https://octopart.com/click/track?c=1&country=US&ak=68b25f31&sig=08b4697&sid=2402&ppid=55403645&vpid=283420139&ct=offers,Digi-Key,P100HDKR-ND,Custom Reel,0.00389,0.00778,3.89,0,1,https://octopart.com/click/track?country=US&ak=68b25f31&sig=0d456e0&sid=459&ppid=55403645&vpid=188060327&ct=offers,
2,"ERJ-3EKF22R0V,",Panasonic,ERJ-3EKF22R0V,https://octopart.com/erj-3ekf22r0v-panasonic-9231677,"R90, R91",1247-025-4018-00,"RES,TF,0603,1/10W,22-OHM,1%",1000,ERJ-3EKF22R0V**MULT,P22.0HCT-ND,1047908,ERJ-3EKF22R0V,64R5327,,Cut Tape,Tape & Reel,,Cut Tape,0.0031,0.00389,,0.004,0.003,9,331289,130000,83116,5337,1,1,5000,1,1,https://octopart.com/click/track?url=https%3A%2F%2Fwww.arrow.com%2Fen%2Fproducts%2Ferj-3ekf22r0v%2Fpanasonic&country=US&ak=68b25f31&sig=0a312b9&sid=1106&ppid=9231677&ct=offers,https://octopart.com/click/track?country=US&ak=68b25f31&sig=0466c3b&sid=459&ppid=9231677&vpid=115259518&ct=offers,https://octopart.com/click/track?country=US&ak=68b25f31&sig=0d8dd9b&sid=2454&ppid=9231677&vpid=416894223&ct=offers,https://octopart.com/click/track?url=http%3A%2F%2Fwww.mouser.com%2FSearch%2FProductDetail.aspx%3Fqs%3DiBwFsHVUAOf4VG9BRBV%252fEA%253d%253d%26utm_source%3Doctopart%26utm_medium%3Daggregator%26utm_campaign%3DERJ-3EKF22R0V%26utm_term%3DERJ-3EKF22R0V%26utm_content%3DPanasonic&country=US&ak=68b25f31&sig=02a9b90&sid=2401&ppid=9231677&ct=offers,https://octopart.com/click/track?country=US&ak=68b25f31&sig=0e3b375&sid=2402&ppid=9231677&vpid=119882962&ct=offers,Newark,64R5327,Cut Tape,0.003,0.006,3,5337,1,https://octopart.com/click/track?country=US&ak=68b25f31&sig=0e3b375&sid=2402&ppid=9231677&vpid=119882962&ct=offers,
17,"ERJ-8ENF4992V,",Panasonic,ERJ8ENF4992V,https://octopart.com/erj8enf4992v-panasonic-3874548,"R13, R15, R74, R75, R76, R77, R78, R79, R80, R81, R82, R83, R84, R85, R93, R97, R119",1247-025-4037-00,"RES,TF,1206,1/4W,49.9K-OHM,1%",8500,ERJ-8ENF4992V**MULT1,P49.9KFTR-ND,9080157,ERJ8ENF4992V,97W7756,Cut Tape,Tape & Reel,Tape & Reel,,Tape & Reel,0.0065,0.00687,0.05,0.006,0.006,166,420000,10000,15619,65000,1,5000,5000,1,5000,https://octopart.com/click/track?url=https%3A%2F%2Fwww.arrow.com%2Fen%2Fproducts%2Ferj-8enf4992v%2Fpanasonic&country=US&ak=68b25f31&sig=0365f2d&sid=1106&ppid=3874548&ct=offers,https://octopart.com/click/track?country=US&ak=68b25f31&sig=0253435&sid=459&ppid=3874548&vpid=188064536&ct=offers,https://octopart.com/click/track?country=US&ak=68b25f31&sig=0e5aa70&sid=2454&ppid=3874548&vpid=416895024&ct=offers,https://octopart.com/click/track?url=http%3A%2F%2Fwww.mouser.com%2FSearch%2FProductDetail.aspx%3Fqs%3DOw%25252bOiPmaljFgbr8gEG3DlA%253d%253d%26utm_source%3Doctopart%26utm_medium%3Daggregator%26utm_campaign%3DERJ-8ENF4992V%26utm_term%3DERJ8ENF4992V%26utm_content%3DPanasonic&country=US&ak=68b25f31&sig=042a8e1&sid=2401&ppid=3874548&ct=offers,https://octopart.com/click/track?country=US&ak=68b25f31&sig=0e4db33&sid=2402&ppid=3874548&vpid=191372595&ct=offers,Newark,97W7756,Tape & Reel,0.006,0.102,51,65000,5000,https://octopart.com/click/track?country=US&ak=68b25f31&sig=0e4db33&sid=2402&ppid=3874548&vpid=191372595&ct=offers,
2,"ERJ-8ENF1200V,",Panasonic,ERJ8ENF1200V,https://octopart.com/erj8enf1200v-panasonic-42332269,"R86, R87",1247-025-4016-00,"RES,TF,1206,1/4W,120-OHM,1%",1000,ERJ-8ENF1200V**MULT,P120FCT-ND,2032253,ERJ8ENF1200V,64R5435,,Cut Tape,Tape & Reel,,Cut Tape,0.0076,0.00958,,0.009,0.006,415,124505,5000,24402,5849,1,1,5000,1,1,https://octopart.com/click/track?url=https%3A%2F%2Fwww.arrow.com%2Fen%2Fproducts%2Ferj-8enf1200v%2Fpanasonic&country=US&ak=68b25f31&sig=004712b&sid=1106&ppid=42332269&ct=offers,https://octopart.com/click/track?country=US&ak=68b25f31&sig=01383bd&sid=459&ppid=42332269&vpid=188064060&ct=offers,https://octopart.com/click/track?country=US&ak=68b25f31&sig=076677a&sid=2454&ppid=42332269&vpid=416894957&ct=offers,https://octopart.com/click/track?url=http%3A%2F%2Fwww.mouser.com%2FSearch%2FProductDetail.aspx%3Fqs%3D8%25252bG0TiN%252fgVqkgNKhJ6jYMQ%253d%253d%26utm_source%3Doctopart%26utm_medium%3Daggregator%26utm_campaign%3DERJ-8ENF1200V%26utm_term%3DERJ8ENF1200V%26utm_content%3DPanasonic&country=US&ak=68b25f31&sig=0297456&sid=2401&ppid=42332269&ct=offers,https://octopart.com/click/track?country=US&ak=68b25f31&sig=0316ec7&sid=2402&ppid=42332269&vpid=190852335&ct=offers,Newark,64R5435,Cut Tape,0.006,0.012,6,5849,1,https://octopart.com/click/track?country=US&ak=68b25f31&sig=0316ec7&sid=2402&ppid=42332269&vpid=190852335&ct=offers,
2,"ERA-3AEB1912V,",Panasonic,ERA-3AEB1912V,https://octopart.com/era-3aeb1912v-panasonic-55639363,"R105, R107",1247-025-4041-00,"RES,TF,0603,1/10W,19.1K-OHM,0.1%",1000,ERA-3AEB1912V**MULT1,P19.1KDBDKR-ND,4057478,ERA-3AEB1912V,55W9483,Cut Tape,Custom Reel,Tape & Reel,,Tape & Reel,0.0671,0.04906,,0.076,,1655,0,0,7830,0,1,1,5000,1,5000,https://octopart.com/click/track?url=https%3A%2F%2Fwww.arrow.com%2Fen%2Fproducts%2Fera-3aeb1912v%2Fpanasonic&country=US&ak=68b25f31&sig=046552b&sid=1106&ppid=55639363&ct=offers,https://octopart.com/click/track?country=US&ak=68b25f31&sig=0497463&sid=459&ppid=55639363&vpid=188056216&ct=offers,https://octopart.com/click/track?c=1&country=US&ak=68b25f31&sig=04a6cf1&sid=2454&ppid=55639363&vpid=416892629&ct=offers,https://octopart.com/click/track?url=http%3A%2F%2Fwww.mouser.com%2FSearch%2FProductDetail.aspx%3Fqs%3DnuXzIS8loXGo26NvUr2u7w%253d%253d%26utm_source%3Doctopart%26utm_medium%3Daggregator%26utm_campaign%3DERA-3AEB1912V%26utm_term%3DERA-3AEB1912V%26utm_content%3DPanasonic&country=US&ak=68b25f31&sig=049ea90&sid=2401&ppid=55639363&ct=offers,https://octopart.com/click/track?c=1&country=US&ak=68b25f31&sig=0c78e19&sid=2402&ppid=55639363&vpid=190849398&ct=offers,Digi-Key,P19.1KDBDKR-ND,Custom Reel,0.04906,0.09812,49.06,0,1,https://octopart.com/click/track?country=US&ak=68b25f31&sig=0497463&sid=459&ppid=55639363&vpid=188056216&ct=offers,
3,"ERA-8AEB104V,",Panasonic,ERA8AEB104V,https://octopart.com/era8aeb104v-panasonic-10566265,"R54, R99, R144",1247-025-4039-00,"RES,TF,1206,1/4W,100K-OHM,0.1%",1500,ERA-8AEB104V**MULT1,P100KBCCT-ND,,ERA8AEB104V,62W5760,Cut Tape,Cut Tape,,,Cut Tape,0.2291,0.13276,,0.208,0.208,3574,33447,,17781,16872,1,1,,1,10,https://octopart.com/click/track?url=https%3A%2F%2Fwww.arrow.com%2Fen%2Fproducts%2Fera-8aeb104v%2Fpanasonic&country=US&ak=68b25f31&sig=012a6ba&sid=1106&ppid=10566265&ct=offers,https://octopart.com/click/track?country=US&ak=68b25f31&sig=02e7d3d&sid=459&ppid=10566265&vpid=190131318&ct=offers,,https://octopart.com/click/track?url=http%3A%2F%2Fwww.mouser.com%2FSearch%2FProductDetail.aspx%3Fqs%3DOjoo2rCVP9TMVtPFtZsYsA%253d%253d%26utm_source%3Doctopart%26utm_medium%3Daggregator%26utm_campaign%3DERA-8AEB104V%26utm_term%3DERA8AEB104V%26utm_content%3DPanasonic&country=US&ak=68b25f31&sig=0fc74ae&sid=2401&ppid=10566265&ct=offers,https://octopart.com/click/track?country=US&ak=68b25f31&sig=01fea0a&sid=2402&ppid=10566265&vpid=265843944&ct=offers,Digi-Key,P100KBCCT-ND,Cut Tape,0.13276,0.39828,199.14,33447,1,https://octopart.com/click/track?country=US&ak=68b25f31&sig=02e7d3d&sid=459&ppid=10566265&vpid=190131318&ct=offers,
17,"ERA-3AEB8251V,",Panasonic,ERA3AEB8251V,https://octopart.com/era3aeb8251v-panasonic-42876248,"R18, R21, R24, R27, R30, R33, R36, R39, R42, R45, R48, R51, R57, R100, R106, R108, R145",1247-025-4040-00,"RES,TF,0603,1/10W,8.25K-OHM,0.1%",8500,ERA-3AEB8251V**MULT1,P8.25KDBTR-ND,,ERA3AEB8251V,55W9660,Cut Tape,Tape & Reel,,,Tape & Reel,0.0397,0.03717,,0.042,0.042,4675,15000,,5590,0,1,5000,,1,5000,https://octopart.com/click/track?url=https%3A%2F%2Fwww.arrow.com%2Fen%2Fproducts%2Fera-3aeb8251v%2Fpanasonic&country=US&ak=68b25f31&sig=08b17fc&sid=1106&ppid=42876248&ct=offers,https://octopart.com/click/track?country=US&ak=68b25f31&sig=0db189f&sid=459&ppid=42876248&vpid=194892247&ct=offers,,https://octopart.com/click/track?url=http%3A%2F%2Fwww.mouser.com%2FSearch%2FProductDetail.aspx%3Fqs%3DnuXzIS8loXFegxfZvIaMUw%253d%253d%26utm_source%3Doctopart%26utm_medium%3Daggregator%26utm_campaign%3DERA-3AEB8251V%26utm_term%3DERA3AEB8251V%26utm_content%3DPanasonic&country=US&ak=68b25f31&sig=020b6fd&sid=2401&ppid=42876248&ct=offers,https://octopart.com/click/track?c=1&country=US&ak=68b25f31&sig=083bbb7&sid=2402&ppid=42876248&vpid=190849565&ct=offers,Digi-Key,P8.25KDBTR-ND,Tape & Reel,0.03717,0.63189,315.945,15000,5000,https://octopart.com/click/track?country=US&ak=68b25f31&sig=0db189f&sid=459&ppid=42876248&vpid=194892247&ct=offers,
13,"ERA-3AEB104V,",Panasonic,ERA3AEB104V,https://octopart.com/era3aeb104v-panasonic-55396867,"R17, R20, R23, R26, R29, R32, R35, R38, R41, R44, R47, R50, R118",1247-025-4038-00,"RES,TF,0603,1/10W,100K-OHM,0.1%",6500,ERA-3AEB104V,P100KDBTR-ND,8028531,ERA3AEB104V,01X1283,,Tape & Reel,Tape & Reel,,Tape & Reel,0.0371,0.03717,0.0392,0.042,0.041,155000,235000,155000,88843,15000,5000,5000,5000,1,5000,https://octopart.com/click/track?country=US&ak=68b25f31&sig=0aff456&sid=1106&ppid=55396867&vpid=116763653&ct=offers,https://octopart.com/click/track?country=US&ak=68b25f31&sig=03937d7&sid=459&ppid=55396867&vpid=118268291&ct=offers,https://octopart.com/click/track?country=US&ak=68b25f31&sig=06f3599&sid=2454&ppid=55396867&vpid=416892571&ct=offers,https://octopart.com/click/track?url=http%3A%2F%2Fwww.mouser.com%2FSearch%2FProductDetail.aspx%3Fqs%3D1VWA5LkbEarhALy1E%25252bGvSA%253d%253d%26utm_source%3Doctopart%26utm_medium%3Daggregator%26utm_campaign%3DERA-3AEB104V%26utm_term%3DERA3AEB104V%26utm_content%3DPanasonic&country=US&ak=68b25f31&sig=01d9631&sid=2401&ppid=55396867&ct=offers,https://octopart.com/click/track?country=US&ak=68b25f31&sig=09593da&sid=2402&ppid=55396867&vpid=123619721&ct=offers,Arrow,ERA-3AEB104V,,0.0371,0.4823,241.15,155000,5000,https://octopart.com/click/track?country=US&ak=68b25f31&sig=0aff456&sid=1106&ppid=55396867&vpid=116763653&ct=offers,
1,"BR-1632A/FAN,",Panasonic,BR-1632A/FAN,https://octopart.com/br-1632a%2Ffan-panasonic-13183286,BATT1,1247-036-4001-00,"BATTERY,SMT,COIN,LI,3V,120MAH,16MM,HT",500,,P022-ND,7060071,,01J2054,,Bulk,Tray,,,,1.16168,,,2.12,,23602,0,,300,,1,960,,1,,https://octopart.com/click/track?country=US&ak=68b25f31&sig=052afa5&sid=459&ppid=13183286&vpid=113513913&ct=offers,https://octopart.com/click/track?c=1&country=US&ak=68b25f31&sig=06d8ac6&sid=2454&ppid=13183286&vpid=416896601&ct=offers,,https://octopart.com/click/track?country=US&ak=68b25f31&sig=0524a6b&sid=2402&ppid=13183286&vpid=37451284&ct=offers,Digi-Key,P022-ND,Bulk,1.16168,1.16168,580.84,23602,1,https://octopart.com/click/track?country=US&ak=68b25f31&sig=052afa5&sid=459&ppid=13183286&vpid=113513913&ct=offers,
1,"MURS360T3G,",ON Semiconductor,MURS360T3G,https://octopart.com/murs360t3g-on+semiconductor-15150,D21,1247-022-4006-00,"DI,GP,3A,600V,SMC",500,MURS360T3G**MULT1,MURS360T3GOSDKR-ND,,MURS360T3G,88H4945,Cut Tape,Custom Reel,,,Cut Tape,0.3559,0.36338,,0.336,0.291,1660,0,,0,0,1,1,,1,1,https://octopart.com/click/track?url=https%3A%2F%2Fwww.arrow.com%2Fen%2Fproducts%2Fmurs360t3g%2Fon-semiconductor&country=US&ak=68b25f31&sig=0ac3cb4&sid=1106&ppid=15150&ct=offers,https://octopart.com/click/track?url=http%3A%2F%2Fwww.digikey.com%2Fproduct-detail%2Fen%2FMURS360T3G%2FMURS360T3GOSDKR-ND%2F1831920&country=US&ak=68b25f31&sig=01fc448&sid=459&ppid=15150&ct=offers,,https://octopart.com/click/track?url=http%3A%2F%2Fwww.mouser.com%2FSearch%2FProductDetail.aspx%3Fqs%3DGev%25252bmEvV0iZjP8fPE8409A%253d%253d%26utm_source%3Doctopart%26utm_medium%3Daggregator%26utm_campaign%3DMURS360T3G%26utm_term%3DMURS360T3G%26utm_content%3DON+Semiconductor&country=US&ak=68b25f31&sig=04d304a&sid=2401&ppid=15150&ct=offers,https://octopart.com/click/track?c=1&country=US&ak=68b25f31&sig=0f504d5&sid=2402&ppid=15150&vpid=3052274&ct=offers,Newark,88H4945,Cut Tape,0.291,0.291,145.5,0,1,https://octopart.com/click/track?c=1&country=US&ak=68b25f31&sig=0f504d5&sid=2402&ppid=15150&vpid=3052274&ct=offers,
6,"MM3Z4V7T1G,",ON Semiconductor,MM3Z4V7T1G,https://octopart.com/mm3z4v7t1g-on+semiconductor-331144,"ZD1, ZD2, ZD3, ZD4, ZD5, ZD6",1247-022-4012-00,"DI,ZENER,4.7VZ,300MW,SOD323",3000,,MM3Z4V7T1GOSTR-ND,1008283,MM3Z4V7T1G,67H6877,,Tape & Reel,Tape & Reel,,Cut Tape,,0.02474,0.0133,0.023,0.03,,0,0,0,0,,3000,3000,1,1,,https://octopart.com/click/track?url=http%3A%2F%2Fwww.digikey.com%2Fproduct-detail%2Fen%2FMM3Z4V7T1G%2FMM3Z4V7T1GOSTR-ND%2F661673&country=US&ak=68b25f31&sig=0bd90b8&sid=459&ppid=331144&ct=offers,https://octopart.com/click/track?c=1&country=US&ak=68b25f31&sig=0c13489&sid=2454&ppid=331144&vpid=19691737&ct=offers,https://octopart.com/click/track?url=http%3A%2F%2Fwww.mouser.com%2FSearch%2FProductDetail.aspx%3Fqs%3DHVbQlW5zcXW0obj%252flK4JlQ%253d%253d%26utm_source%3Doctopart%26utm_medium%3Daggregator%26utm_campaign%3DMM3Z4V7T1G%26utm_term%3DMM3Z4V7T1G%26utm_content%3DON+Semiconductor&country=US&ak=68b25f31&sig=0d6641e&sid=2401&ppid=331144&ct=offers,https://octopart.com/click/track?c=1&country=US&ak=68b25f31&sig=020a151&sid=2402&ppid=331144&vpid=3018082&ct=offers,Future Electronics,1008283,Tape & Reel,0.0133,0.0798,39.9,0,3000,https://octopart.com/click/track?c=1&country=US&ak=68b25f31&sig=0c13489&sid=2454&ppid=331144&vpid=19691737&ct=offers,
2,"MJH11021G,",ON Semiconductor,MJH11021G,https://octopart.com/mjh11021g-on+semiconductor-357800,"Q4, Q7",1247-027-5001-00,"TRAN,DARL,PNP,250V,15A,TO-247",1000,MJH11021G,MJH11021GOS-ND,7148984,MJH11021G,26K4485,,Tube,Tube,,,1.991,2.33772,2.07,2.13,2.52,70,218,0,245,207,1,1,5,1,1,https://octopart.com/click/track?url=https%3A%2F%2Fwww.arrow.com%2Fen%2Fproducts%2Fmjh11021g%2Fon-semiconductor&country=US&ak=68b25f31&sig=0984514&sid=1106&ppid=357800&ct=offers,https://octopart.com/click/track?url=http%3A%2F%2Fwww.digikey.com%2Fproduct-detail%2Fen%2FMJH11021G%2FMJH11021GOS-ND%2F919544&country=US&ak=68b25f31&sig=06341b3&sid=459&ppid=357800&ct=offers,https://octopart.com/click/track?c=1&country=US&ak=68b25f31&sig=0790eec&sid=2454&ppid=357800&vpid=19691712&ct=offers,https://octopart.com/click/track?url=http%3A%2F%2Fwww.mouser.com%2FSearch%2FProductDetail.aspx%3Fqs%3DHVbQlW5zcXWqA9ZxiS4%252fqQ%253d%253d%26utm_source%3Doctopart%26utm_medium%3Daggregator%26utm_campaign%3DMJH11021G%26utm_term%3DMJH11021G%26utm_content%3DON+Semiconductor&country=US&ak=68b25f31&sig=013ff9b&sid=2401&ppid=357800&ct=offers,https://octopart.com/click/track?country=US&ak=68b25f31&sig=0977197&sid=2402&ppid=357800&vpid=3160210&ct=offers,Arrow,MJH11021G,,1.991,3.982,1991,70,1,https://octopart.com/click/track?url=https%3A%2F%2Fwww.arrow.com%2Fen%2Fproducts%2Fmjh11021g%2Fon-semiconductor&country=US&ak=68b25f31&sig=0984514&sid=1106&ppid=357800&ct=offers,
2,"91831A007,",Nuts,91831A007,https://octopart.com/91831a007-nuts-4007690,"N1, N2",1247-060-3001-00,"NUT,LOCK,NYLON-INSERT,6-32,SS",1000,,,,,,,,,,,,,,,,,,,,,,,,,,,,,,,,,,,,,,,,
1,"NFM21HC223R1H3D,",Murata,NFM21HC223R1H3D,https://octopart.com/nfm21hc223r1h3d-murata-756774,FIL1,1247-028-4013-00,"FLTR,SMT,0805,22000PF,20%,50V,2A",500,NFM21HC223R1H3D**MULT1,490-8460-1-ND,6042247,NFM21HC223R1H3D,45Y6143,Cut Tape,Cut Tape,Tape & Reel,,Cut Tape,0.2451,0.27298,,0.272,0.272,2993,39558,0,20670,3590,1,1,4000,1,10,https://octopart.com/click/track?url=https%3A%2F%2Fwww.arrow.com%2Fen%2Fproducts%2Fnfm21hc223r1h3d%2Fmurata-manufacturing&country=US&ak=68b25f31&sig=00ebb81&sid=1106&ppid=756774&ct=offers,https://octopart.com/click/track?country=US&ak=68b25f31&sig=093f4a6&sid=459&ppid=756774&vpid=88254005&ct=offers,https://octopart.com/click/track?c=1&country=US&ak=68b25f31&sig=0152136&sid=2454&ppid=756774&vpid=109877383&ct=offers,https://octopart.com/click/track?url=http%3A%2F%2Fwww.mouser.com%2FSearch%2FProductDetail.aspx%3Fqs%3DDZ5lKmO5UoEea2ypdnwPDw%253d%253d%26utm_source%3Doctopart%26utm_medium%3Daggregator%26utm_campaign%3DNFM21HC223R1H3D%26utm_term%3DNFM21HC223R1H3D%26utm_content%3DMurata+Electronics&country=US&ak=68b25f31&sig=0ac5cfb&sid=2401&ppid=756774&ct=offers,https://octopart.com/click/track?country=US&ak=68b25f31&sig=06a714e&sid=2402&ppid=756774&vpid=231884243&ct=offers,Arrow,NFM21HC223R1H3D**MULT1,Cut Tape,0.2451,0.2451,122.55,2993,1,https://octopart.com/click/track?url=https%3A%2F%2Fwww.arrow.com%2Fen%2Fproducts%2Fnfm21hc223r1h3d%2Fmurata-manufacturing&country=US&ak=68b25f31&sig=00ebb81&sid=1106&ppid=756774&ct=offers,
1,"GCM188R71H333KA55D,",Murata,GCM188R71H333KA55D,https://octopart.com/gcm188r71h333ka55d-murata-7894798,C49,1247-029-4005-00,"CAP,CC,0603,0.033UF,50V,10%,X7R",500,GCM188R71H333KA55D**MULT,490-8025-1-ND,7087191,GCM188R71H333KA55D,06AC6009,,Cut Tape,Tape & Reel,,Cut Tape,0.0271,0.03318,,0.032,0.032,3110,57697,0,25660,2700,1,1,4000,1,10,https://octopart.com/click/track?url=https%3A%2F%2Fwww.arrow.com%2Fen%2Fproducts%2Fgcm188r71h333ka55d%2Fmurata-manufacturing&country=US&ak=68b25f31&sig=0591506&sid=1106&ppid=7894798&ct=offers,https://octopart.com/click/track?country=US&ak=68b25f31&sig=0af60dc&sid=459&ppid=7894798&vpid=88252599&ct=offers,https://octopart.com/click/track?c=1&country=US&ak=68b25f31&sig=0d7a7ac&sid=2454&ppid=7894798&vpid=423693281&ct=offers,https://octopart.com/click/track?url=http%3A%2F%2Fwww.mouser.com%2FSearch%2FProductDetail.aspx%3Fqs%3D2YjXvJr3xvhQr4PhN9GmQg%253d%253d%26utm_source%3Doctopart%26utm_medium%3Daggregator%26utm_campaign%3DGCM188R71H333KA55D%26utm_term%3DGCM188R71H333KA55D%26utm_content%3DMurata+Electronics&country=US&ak=68b25f31&sig=0ea6ec4&sid=2401&ppid=7894798&ct=offers,https://octopart.com/click/track?country=US&ak=68b25f31&sig=065141a&sid=2402&ppid=7894798&vpid=413452055&ct=offers,Arrow,GCM188R71H333KA55D**MULT,,0.0271,0.0271,13.55,3110,1,https://octopart.com/click/track?url=https%3A%2F%2Fwww.arrow.com%2Fen%2Fproducts%2Fgcm188r71h333ka55d%2Fmurata-manufacturing&country=US&ak=68b25f31&sig=0591506&sid=1106&ppid=7894798&ct=offers,
19,"GCM188R71H224KA64D,",Murata,GCM188R71H224KA64D,https://octopart.com/gcm188r71h224ka64d-murata-18775119,"C13, C14, C15, C16, C17, C18, C19, C20, C72, C73, C83, C85, C86, C87, C90, C93, C94, C95, C99",1247-029-4003-00,"CAP,CC,0603,0.22UF,50V,10%,X7R",9500,GCM188R71H224KA64D**MULT,490-5402-2-ND,6503957,GCM188R71H224KA64D,03AC2503,,Tape & Reel,Tape & Reel,,Tape & Reel,0.0315,0.0286,0.0463,0.032,0.032,4000,16000,756000,0,0,1,4000,4000,1,4000,https://octopart.com/click/track?url=https%3A%2F%2Fwww.arrow.com%2Fen%2Fproducts%2Fgcm188r71h224ka64d%2Fmurata-manufacturing&country=US&ak=68b25f31&sig=0bf9219&sid=1106&ppid=18775119&ct=offers,https://octopart.com/click/track?country=US&ak=68b25f31&sig=00f1ea4&sid=459&ppid=18775119&vpid=33590008&ct=offers,https://octopart.com/click/track?country=US&ak=68b25f31&sig=0c9b654&sid=2454&ppid=18775119&vpid=416878118&ct=offers,https://octopart.com/click/track?url=http%3A%2F%2Fwww.mouser.com%2FSearch%2FProductDetail.aspx%3Fqs%3DKk8YaIHLBVBgtUYYs%252fZrtQ%253d%253d%26utm_source%3Doctopart%26utm_medium%3Daggregator%26utm_campaign%3DGCM188R71H224KA64D%26utm_term%3DGCM188R71H224KA64D%26utm_content%3DMurata+Electronics&country=US&ak=68b25f31&sig=07bcea6&sid=2401&ppid=18775119&ct=offers,https://octopart.com/click/track?c=1&country=US&ak=68b25f31&sig=024e81f&sid=2402&ppid=18775119&vpid=314728137&ct=offers,Digi-Key,490-5402-2-ND,Tape & Reel,0.0286,0.5434,271.7,16000,4000,https://octopart.com/click/track?country=US&ak=68b25f31&sig=00f1ea4&sid=459&ppid=18775119&vpid=33590008&ct=offers,
35,"GCM188R71H104KA57D,",Murata,GCM188R71H104KA57D,https://octopart.com/gcm188r71h104ka57d-murata-7894792,"C2, C3, C5, C6, C7, C8, C9, C10, C11, C12, C33, C34, C38, C40, C41, C42, C43, C44, C46, C47, C48, C50, C52, C54, C68, C69, C70, C71, C74, C84, C91, C92, C96, C97, C98",1247-029-4002-00,"CAP,CC,0603,0.1UF,50V,10%,X7R",17500,GCM188R71H104KA57D**MULT,490-4779-2-ND,6392260,GCM188R71H104KA57D,,,Tape & Reel,Tape & Reel,,,0.0202,0.01839,0.035,0.019,,4035,2596000,7404000,1394994,,1,4000,4000,1,,https://octopart.com/click/track?url=https%3A%2F%2Fwww.arrow.com%2Fen%2Fproducts%2Fgcm188r71h104ka57d%2Fmurata-manufacturing&country=US&ak=68b25f31&sig=0146be1&sid=1106&ppid=7894792&ct=offers,https://octopart.com/click/track?country=US&ak=68b25f31&sig=0026747&sid=459&ppid=7894792&vpid=33589441&ct=offers,https://octopart.com/click/track?country=US&ak=68b25f31&sig=011d502&sid=2454&ppid=7894792&vpid=109872010&ct=offers,https://octopart.com/click/track?url=http%3A%2F%2Fwww.mouser.com%2FSearch%2FProductDetail.aspx%3Fqs%3DaEuGZpxfbxWuy5eQGqiN%25252bA%253d%253d%26utm_source%3Doctopart%26utm_medium%3Daggregator%26utm_campaign%3DGCM188R71H104KA57D%26utm_term%3DGCM188R71H104KA57D%26utm_content%3DMurata+Electronics&country=US&ak=68b25f31&sig=05c275e&sid=2401&ppid=7894792&ct=offers,,Digi-Key,490-4779-2-ND,Tape & Reel,0.01839,0.64365,321.825,2596000,4000,https://octopart.com/click/track?country=US&ak=68b25f31&sig=0026747&sid=459&ppid=7894792&vpid=33589441&ct=offers,
19,"GCM188R71H103KA37D,",Murata,GCM188R71H103KA37D,https://octopart.com/gcm188r71h103ka37d-murata-7894791,"C21, C22, C23, C24, C25, C26, C27, C28, C29, C30, C31, C32, C35, C36, C37, C39, C45, C60, C80",1247-029-4004-00,"CAP,CC,0603,0.01UF,50V,10%,X7R",9500,GCM188R71H103KA37D**MULT,490-4778-2-ND,4862108,GCM188R71H103KA37D,03AC2500,,Tape & Reel,Tape & Reel,,Tape & Reel,0.0106,0.0097,0.012,0.009,0.006,2,1204000,772800,265375,0,1,4000,4000,1,4000,https://octopart.com/click/track?url=https%3A%2F%2Fwww.arrow.com%2Fen%2Fproducts%2Fgcm188r71h103ka37d%2Fmurata-manufacturing&country=US&ak=68b25f31&sig=04d1e4e&sid=1106&ppid=7894791&ct=offers,https://octopart.com/click/track?country=US&ak=68b25f31&sig=0051c0f&sid=459&ppid=7894791&vpid=33589440&ct=offers,https://octopart.com/click/track?country=US&ak=68b25f31&sig=00ddb9b&sid=2454&ppid=7894791&vpid=19664165&ct=offers,https://octopart.com/click/track?url=http%3A%2F%2Fwww.mouser.com%2FSearch%2FProductDetail.aspx%3Fqs%3DaEuGZpxfbxV3FZq%252fP%25252by9Nw%253d%253d%26utm_source%3Doctopart%26utm_medium%3Daggregator%26utm_campaign%3DGCM188R71H103KA37D%26utm_term%3DGCM188R71H103KA37D%26utm_content%3DMurata+Electronics&country=US&ak=68b25f31&sig=0b37b3b&sid=2401&ppid=7894791&ct=offers,https://octopart.com/click/track?c=1&country=US&ak=68b25f31&sig=03afef5&sid=2402&ppid=7894791&vpid=314728081&ct=offers,Newark,03AC2500,Tape & Reel,0.006,0.114,57,0,4000,https://octopart.com/click/track?c=1&country=US&ak=68b25f31&sig=03afef5&sid=2402&ppid=7894791&vpid=314728081&ct=offers,
2,"GCM188R71H102KA37D,",Murata,GCM188R71H102KA37D,https://octopart.com/gcm188r71h102ka37d-murata-7894790,"C88, C89",1247-029-4015-00,"CAP,CC,0603,1000PF,50V,10%,X7R",1000,GCM188R71H102KA37D**MULT,490-4777-1-ND,9003501,GCM188R71H102KA37D,45Y5165,,Cut Tape,Tape & Reel,,Cut Tape,0.0125,0.01428,,0.014,0.014,1064,46501,24000,303564,0,1,1,4000,1,10,https://octopart.com/click/track?url=https%3A%2F%2Fwww.arrow.com%2Fen%2Fproducts%2Fgcm188r71h102ka37d%2Fmurata-manufacturing&country=US&ak=68b25f31&sig=0162ef3&sid=1106&ppid=7894790&ct=offers,https://octopart.com/click/track?country=US&ak=68b25f31&sig=056a1be&sid=459&ppid=7894790&vpid=34232140&ct=offers,https://octopart.com/click/track?country=US&ak=68b25f31&sig=0eb4117&sid=2454&ppid=7894790&vpid=109872001&ct=offers,https://octopart.com/click/track?url=http%3A%2F%2Fwww.mouser.com%2FSearch%2FProductDetail.aspx%3Fqs%3DaEuGZpxfbxUxyh7ucHqbsQ%253d%253d%26utm_source%3Doctopart%26utm_medium%3Daggregator%26utm_campaign%3DGCM188R71H102KA37D%26utm_term%3DGCM188R71H102KA37D%26utm_content%3DMurata+Electronics&country=US&ak=68b25f31&sig=065a918&sid=2401&ppid=7894790&ct=offers,https://octopart.com/click/track?c=1&country=US&ak=68b25f31&sig=097b5e7&sid=2402&ppid=7894790&vpid=231884089&ct=offers,Arrow,GCM188R71H102KA37D**MULT,,0.0125,0.025,12.5,1064,1,https://octopart.com/click/track?url=https%3A%2F%2Fwww.arrow.com%2Fen%2Fproducts%2Fgcm188r71h102ka37d%2Fmurata-manufacturing&country=US&ak=68b25f31&sig=0162ef3&sid=1106&ppid=7894790&ct=offers,
3,"GCM188R71C105KA64D,",Murata,GCM188R71C105KA64D,https://octopart.com/gcm188r71c105ka64d-murata-13159598,"C55, C62, C63",1247-029-4008-00,"CAP,CC,0603,1UF,16V,10%,X7R",1500,GCM188R71C105KA64D**MULT,490-5241-1-ND,5422753,GCM188R71C105KA64D,45Y5162,,Cut Tape,Tape & Reel,,Cut Tape,0.0725,0.06641,,0.074,0.074,8,835365,1418000,235558,10271,1,1,4000,1,10,https://octopart.com/click/track?url=https%3A%2F%2Fwww.arrow.com%2Fen%2Fproducts%2Fgcm188r71c105ka64d%2Fmurata-manufacturing&country=US&ak=68b25f31&sig=08d7ef0&sid=1106&ppid=13159598&ct=offers,https://octopart.com/click/track?country=US&ak=68b25f31&sig=065a155&sid=459&ppid=13159598&vpid=34232850&ct=offers,https://octopart.com/click/track?country=US&ak=68b25f31&sig=0af4a19&sid=2454&ppid=13159598&vpid=109871978&ct=offers,https://octopart.com/click/track?url=http%3A%2F%2Fwww.mouser.com%2FSearch%2FProductDetail.aspx%3Fqs%3DbQrJpfqjX%25252bKtVgLYIBGvIg%253d%253d%26utm_source%3Doctopart%26utm_medium%3Daggregator%26utm_campaign%3DGCM188R71C105KA64D%26utm_term%3DGCM188R71C105KA64D%26utm_content%3DMurata+Electronics&country=US&ak=68b25f31&sig=0fa6735&sid=2401&ppid=13159598&ct=offers,https://octopart.com/click/track?country=US&ak=68b25f31&sig=002e9cd&sid=2402&ppid=13159598&vpid=231884086&ct=offers,Digi-Key,490-5241-1-ND,Cut Tape,0.06641,0.19923,99.615,835365,1,https://octopart.com/click/track?country=US&ak=68b25f31&sig=065a155&sid=459&ppid=13159598&vpid=34232850&ct=offers,
1,"GCM32ER71A226KE12L,",Murata,GCM32ER71A226KE12L,https://octopart.com/gcm32er71a226ke12l-murata-7894885,C61,1247-029-4012-00,"CAP,CC,1210,22UF,10V,10%,X7R",500,GCM32ER71A226KE12L,490-4797-1-ND,8040218,GCM32ER71A226KE12L,06AC6024,,Cut Tape,Tape & Reel,,Cut Tape,,0.68256,,0.758,0.758,7000,11276,9000,4420,0,1000,1,1000,1,1,https://octopart.com/click/track?country=US&ak=68b25f31&sig=02085f1&sid=1106&ppid=7894885&vpid=21494914&ct=offers,https://octopart.com/click/track?country=US&ak=68b25f31&sig=0ef254a&sid=459&ppid=7894885&vpid=34232180&ct=offers,https://octopart.com/click/track?country=US&ak=68b25f31&sig=0d9aad6&sid=2454&ppid=7894885&vpid=109872170&ct=offers,https://octopart.com/click/track?url=http%3A%2F%2Fwww.mouser.com%2FSearch%2FProductDetail.aspx%3Fqs%3DaEuGZpxfbxU4ENPQ4AdQGg%253d%253d%26utm_source%3Doctopart%26utm_medium%3Daggregator%26utm_campaign%3DGCM32ER71A226KE12L%26utm_term%3DGCM32ER71A226KE12L%26utm_content%3DMurata+Electronics&country=US&ak=68b25f31&sig=0d25d6c&sid=2401&ppid=7894885&ct=offers,https://octopart.com/click/track?c=1&country=US&ak=68b25f31&sig=0139f80&sid=2402&ppid=7894885&vpid=413452069&ct=offers,Digi-Key,490-4797-1-ND,Cut Tape,0.68256,0.68256,341.28,11276,1,https://octopart.com/click/track?country=US&ak=68b25f31&sig=0ef254a&sid=459&ppid=7894885&vpid=34232180&ct=offers,
1,"GCM31MR71H105KA55L,",Murata,GCM31MR71H105KA55L,https://octopart.com/gcm31mr71h105ka55l-murata-7894881,C56,1247-029-4009-00,"CAP,CC,1206,1UF,50V,10%,X7R",500,GCM31MR71H105KA55L**MULT,490-4795-1-ND,1021461,GCM31MR71H105KA55L,45Y5186,,Cut Tape,Tape & Reel,,Cut Tape,0.0973,0.10816,,0.12,0.12,2258,47370,0,116103,0,1,1,3000,1,5,https://octopart.com/click/track?url=https%3A%2F%2Fwww.arrow.com%2Fen%2Fproducts%2Fgcm31mr71h105ka55l%2Fmurata-manufacturing&country=US&ak=68b25f31&sig=0cb7fa3&sid=1106&ppid=7894881&ct=offers,https://octopart.com/click/track?country=US&ak=68b25f31&sig=0bdee17&sid=459&ppid=7894881&vpid=34232176&ct=offers,https://octopart.com/click/track?c=1&country=US&ak=68b25f31&sig=062a48c&sid=2454&ppid=7894881&vpid=109872155&ct=offers,https://octopart.com/click/track?url=http%3A%2F%2Fwww.mouser.com%2FSearch%2FProductDetail.aspx%3Fqs%3DEYzdjubb4S8aTM0RoDSRwA%253d%253d%26utm_source%3Doctopart%26utm_medium%3Daggregator%26utm_campaign%3DGCM31MR71H105KA55L%26utm_term%3DGCM31MR71H105KA55L%26utm_content%3DMurata+Electronics&country=US&ak=68b25f31&sig=0243429&sid=2401&ppid=7894881&ct=offers,https://octopart.com/click/track?c=1&country=US&ak=68b25f31&sig=03bbe40&sid=2402&ppid=7894881&vpid=231884106&ct=offers,Arrow,GCM31MR71H105KA55L**MULT,,0.0973,0.0973,48.65,2258,1,https://octopart.com/click/track?url=https%3A%2F%2Fwww.arrow.com%2Fen%2Fproducts%2Fgcm31mr71h105ka55l%2Fmurata-manufacturing&country=US&ak=68b25f31&sig=0cb7fa3&sid=1106&ppid=7894881&ct=offers,
1,"GCM21BR72A104KA37L,",Murata,GCM21BR72A104KA37L,https://octopart.com/gcm21br72a104ka37l-murata-7894859,C57,1247-029-4010-00,"CAP,CC,0805,0.1UF,100V,10%,X7R",500,GCM21BR72A104KA37L**MULT,490-4789-1-ND,2868495,GCM21BR72A104KA37L,45Y5182,,Cut Tape,Tape & Reel,,Cut Tape,0.0324,0.03858,,0.038,0.038,2997,2131007,471000,514789,12555,1,1,3000,1,5,https://octopart.com/click/track?url=https%3A%2F%2Fwww.arrow.com%2Fen%2Fproducts%2Fgcm21br72a104ka37l%2Fmurata-manufacturing&country=US&ak=68b25f31&sig=0372f7e&sid=1106&ppid=7894859&ct=offers,https://octopart.com/click/track?country=US&ak=68b25f31&sig=03cc8ab&sid=459&ppid=7894859&vpid=34232164&ct=offers,https://octopart.com/click/track?country=US&ak=68b25f31&sig=09857e8&sid=2454&ppid=7894859&vpid=19664168&ct=offers,https://octopart.com/click/track?url=http%3A%2F%2Fwww.mouser.com%2FSearch%2FProductDetail.aspx%3Fqs%3DaEuGZpxfbxU57i7kalIPTw%253d%253d%26utm_source%3Doctopart%26utm_medium%3Daggregator%26utm_campaign%3DGCM21BR72A104KA37L%26utm_term%3DGCM21BR72A104KA37L%26utm_content%3DMurata+Electronics&country=US&ak=68b25f31&sig=0734e31&sid=2401&ppid=7894859&ct=offers,https://octopart.com/click/track?country=US&ak=68b25f31&sig=011d3d6&sid=2402&ppid=7894859&vpid=231884103&ct=offers,Arrow,GCM21BR72A104KA37L**MULT,,0.0324,0.0324,16.2,2997,1,https://octopart.com/click/track?url=https%3A%2F%2Fwww.arrow.com%2Fen%2Fproducts%2Fgcm21br72a104ka37l%2Fmurata-manufacturing&country=US&ak=68b25f31&sig=0372f7e&sid=1106&ppid=7894859&ct=offers,
2,"GCM21BR71H105KA03L,",Murata,GCM21BR71H105KA03L,https://octopart.com/gcm21br71h105ka03l-murata-25551711,"C1, C4",1247-029-4001-00,"CAP,CC,0805,1UF,50V,10%,X7R",1000,GCM21BR71H105KA03L**MULT,490-10675-1-ND,2052078,GCM21BR71H105KA03L,06AC6015,,Cut Tape,Tape & Reel,,Cut Tape,0.0643,0.07253,,0.071,0.071,2143,58468,9000,266454,1640,1,1,3000,1,5,https://octopart.com/click/track?url=https%3A%2F%2Fwww.arrow.com%2Fen%2Fproducts%2Fgcm21br71h105ka03l%2Fmurata-manufacturing&country=US&ak=68b25f31&sig=038cd84&sid=1106&ppid=25551711&ct=offers,https://octopart.com/click/track?country=US&ak=68b25f31&sig=0c9c35d&sid=459&ppid=25551711&vpid=210890122&ct=offers,https://octopart.com/click/track?country=US&ak=68b25f31&sig=09b76fb&sid=2454&ppid=25551711&vpid=416878165&ct=offers,https://octopart.com/click/track?url=http%3A%2F%2Fwww.mouser.com%2FSearch%2FProductDetail.aspx%3Fqs%3D74rrZF77WIzs3UJkpPZdKw%253d%253d%26utm_source%3Doctopart%26utm_medium%3Daggregator%26utm_campaign%3DGCM21BR71H105KA03L%26utm_term%3DGCM21BR71H105KA03L%26utm_content%3DMurata+Electronics&country=US&ak=68b25f31&sig=06629e4&sid=2401&ppid=25551711&ct=offers,https://octopart.com/click/track?country=US&ak=68b25f31&sig=06a0271&sid=2402&ppid=25551711&vpid=413452061&ct=offers,Arrow,GCM21BR71H105KA03L**MULT,,0.0643,0.1286,64.3,2143,1,https://octopart.com/click/track?url=https%3A%2F%2Fwww.arrow.com%2Fen%2Fproducts%2Fgcm21br71h105ka03l%2Fmurata-manufacturing&country=US&ak=68b25f31&sig=038cd84&sid=1106&ppid=25551711&ct=offers,
1,"GCM21BR71C475KA73L,",Murata,GCM21BR71C475KA73L,https://octopart.com/gcm21br71c475ka73l-murata-18512744,C51,1247-029-4006-00,"CAP,CC,0805,4.7UF,16V,10%,X7R",500,,490-5332-1-ND,4015357,GCM21BR71C475KA73L,96Y9216,,Cut Tape,Tape & Reel,,Cut Tape,,0.12808,,0.118,0.108,,0,180000,295063,1517,,1,3000,,5,,https://octopart.com/click/track?country=US&ak=68b25f31&sig=053dac8&sid=459&ppid=18512744&vpid=34233030&ct=offers,https://octopart.com/click/track?country=US&ak=68b25f31&sig=0f47287&sid=2454&ppid=18512744&vpid=416878157&ct=offers,https://octopart.com/click/track?country=US&ak=68b25f31&sig=0e0a7a8&sid=2401&ppid=18512744&vpid=173495218&ct=offers,https://octopart.com/click/track?country=US&ak=68b25f31&sig=0ba9731&sid=2402&ppid=18512744&vpid=271767142&ct=offers,Newark,96Y9216,Cut Tape,0.108,0.108,54,1517,5,https://octopart.com/click/track?country=US&ak=68b25f31&sig=0ba9731&sid=2402&ppid=18512744&vpid=271767142&ct=offers,
1,"BLM31PG391SH1L,",Murata,BLM31PG391SH1L,https://octopart.com/blm31pg391sh1l-murata-891485,L2,1247-032-4002-00,"FB,SMT,1206,390-OHM-100MHZ,2A,50-MOHM",500,BLM31PG391SH1L**MULT1,490-7827-1-ND,4080145,BLM31PG391SH1L,,Cut Tape,Cut Tape,Tape & Reel,,,0.111,0.1245,,0.128,,3280,14726,3000,12212,,1,1,3000,1,,https://octopart.com/click/track?url=https%3A%2F%2Fwww.arrow.com%2Fen%2Fproducts%2Fblm31pg391sh1l%2Fmurata-manufacturing&country=US&ak=68b25f31&sig=04140c7&sid=1106&ppid=891485&ct=offers,https://octopart.com/click/track?country=US&ak=68b25f31&sig=0cdbb00&sid=459&ppid=891485&vpid=88252228&ct=offers,https://octopart.com/click/track?country=US&ak=68b25f31&sig=0d17203&sid=2454&ppid=891485&vpid=416877796&ct=offers,https://octopart.com/click/track?url=http%3A%2F%2Fwww.mouser.com%2FSearch%2FProductDetail.aspx%3Fqs%3D%25252bA1x5wewD8628N1ab7Hn7g%253d%253d%26utm_source%3Doctopart%26utm_medium%3Daggregator%26utm_campaign%3DBLM31PG391SH1L%26utm_term%3DBLM31PG391SH1L%26utm_content%3DMurata+Electronics&country=US&ak=68b25f31&sig=0671ab4&sid=2401&ppid=891485&ct=offers,,Arrow,BLM31PG391SH1L**MULT1,Cut Tape,0.111,0.111,55.5,3280,1,https://octopart.com/click/track?url=https%3A%2F%2Fwww.arrow.com%2Fen%2Fproducts%2Fblm31pg391sh1l%2Fmurata-manufacturing&country=US&ak=68b25f31&sig=04140c7&sid=1106&ppid=891485&ct=offers,
2,"15-91-2100,",Molex,15-91-2100,https://octopart.com/15-91-2100-molex-276803,"P5, P6",1247-012-4002-00,"CONN,PCB,SMT,VERT,2-ROW,5-PIN,0.100?,TIN",1000,,,,15-91-2100,06H1106,,,,,,,,,0.418,0.442,,,,6038,256,,,,1,1,,,,https://octopart.com/click/track?url=http%3A%2F%2Fwww.mouser.com%2FSearch%2FProductDetail.aspx%3Fqs%3Djcz9%25252beLWjljcwGeD8me%25252bQQ%253d%253d%26utm_source%3Doctopart%26utm_medium%3Daggregator%26utm_campaign%3D15-91-2100%26utm_term%3D15-91-2100%26utm_content%3DMolex&country=US&ak=68b25f31&sig=0cc49dd&sid=2401&ppid=276803&ct=offers,https://octopart.com/click/track?country=US&ak=68b25f31&sig=0bb98e9&sid=2402&ppid=276803&vpid=2890076&ct=offers,Mouser,15-91-2100,,0.418,0.836,418,6038,1,https://octopart.com/click/track?url=http%3A%2F%2Fwww.mouser.com%2FSearch%2FProductDetail.aspx%3Fqs%3Djcz9%25252beLWjljcwGeD8me%25252bQQ%253d%253d%26utm_source%3Doctopart%26utm_medium%3Daggregator%26utm_campaign%3D15-91-2100%26utm_term%3D15-91-2100%26utm_content%3DMolex&country=US&ak=68b25f31&sig=0cc49dd&sid=2401&ppid=276803&ct=offers,
1,"MCP7940N-E/SN,",Microchip,MCP7940N-E/SN,https://octopart.com/mcp7940n-e%2Fsn-microchip-24995176,U3,1247-028-4002-00,"IC,RTC,CLK/CALENDAR,I2C,SOIC-8",500,MCP7940N-E/SN,MCP7940N-E/SN-ND,,MCP7940N-E/SN,48W6556,,Tube,,,,0.7259,0.735,,0.7,0.7,371,274,,578,0,1,1,,,100,https://octopart.com/click/track?country=US&ak=68b25f31&sig=0564759&sid=1106&ppid=24995176&vpid=63884981&ct=offers,https://octopart.com/click/track?country=US&ak=68b25f31&sig=0265ed7&sid=459&ppid=24995176&vpid=65032965&ct=offers,,https://octopart.com/click/track?country=US&ak=68b25f31&sig=02b7269&sid=2401&ppid=24995176&vpid=113437823&ct=offers,https://octopart.com/click/track?c=1&country=US&ak=68b25f31&sig=0d7b305&sid=2402&ppid=24995176&vpid=96334673&ct=offers,Mouser,MCP7940N-E/SN,,0.7,0.7,350,578,,https://octopart.com/click/track?country=US&ak=68b25f31&sig=02b7269&sid=2401&ppid=24995176&vpid=113437823&ct=offers,
1,"ATTINY25-15SZ,",Microchip,ATTINY25-15SZ,https://octopart.com/attiny25-15sz-microchip-77762076,U9,1247-028-4008-00,"IC,MCU,8BIT,2KB-FLASH,SOIC-8",500,ATTINY25-15SZ,ATTINY25-15SZCT-ND,,ATTINY25-15SZ,68T3593,,Cut Tape,,,Cut Tape,2.711,1.84,,2.51,,2,2678,,11,0,1,1,,,2000,https://octopart.com/click/track?country=US&ak=68b25f31&sig=063a9fa&sid=1106&ppid=77762076&vpid=413628624&ct=offers,https://octopart.com/click/track?country=US&ak=68b25f31&sig=053046c&sid=459&ppid=77762076&vpid=408719947&ct=offers,,https://octopart.com/click/track?country=US&ak=68b25f31&sig=0bc6c9f&sid=2401&ppid=77762076&vpid=408979415&ct=offers,https://octopart.com/click/track?c=1&country=US&ak=68b25f31&sig=08faea7&sid=2402&ppid=77762076&vpid=410224459&ct=offers,Digi-Key,ATTINY25-15SZCT-ND,Cut Tape,1.84,1.84,920,2678,1,https://octopart.com/click/track?country=US&ak=68b25f31&sig=053046c&sid=459&ppid=77762076&vpid=408719947&ct=offers,
1,"AT32UC3C1512C-AZR,",Microchip,AT32UC3C1512C-AZR,https://octopart.com/at32uc3c1512c-azr-microchip-77758453,U6,1247-028-4005-00,"IC,MCU,32BIT,512KB-FLASH,TQFP-100",500,,AT32UC3C1512C-AZRCT-ND,,,,,Cut Tape,,,,,10.67,,,,,39,,,,,1,,,,,https://octopart.com/click/track?country=US&ak=68b25f31&sig=0a63dd8&sid=459&ppid=77758453&vpid=408714193&ct=offers,,,,Digi-Key,AT32UC3C1512C-AZRCT-ND,Cut Tape,10.67,10.67,5335,39,1,https://octopart.com/click/track?country=US&ak=68b25f31&sig=0a63dd8&sid=459&ppid=77758453&vpid=408714193&ct=offers,
2,SMDJ75CA,Littelfuse,SMDJ75CA,https://octopart.com/smdj75ca-littelfuse-12579261,"D18, D24",1247-022-4018-00,"DI,TVS,75VR,121VC,3000W-10/1000US,SMC",1000,SMDJ75CA,SMDJ75CACT-ND,1011360,SMDJ75CA,32M3721,,Cut Tape,Tape & Reel,,Tape & Reel,1.317,0.8602,,0.758,,23,820,0,3079,0,1,1,3000,,3000,https://octopart.com/click/track?country=US&ak=68b25f31&sig=064d2c9&sid=1106&ppid=12579261&vpid=21289039&ct=offers,https://octopart.com/click/track?country=US&ak=68b25f31&sig=000c2d4&sid=459&ppid=12579261&vpid=34085174&ct=offers,https://octopart.com/click/track?c=1&country=US&ak=68b25f31&sig=0bbe365&sid=2454&ppid=12579261&vpid=109825119&ct=offers,https://octopart.com/click/track?country=US&ak=68b25f31&sig=0ec30e0&sid=2401&ppid=12579261&vpid=37822100&ct=offers,https://octopart.com/click/track?c=1&country=US&ak=68b25f31&sig=03d3982&sid=2402&ppid=12579261&vpid=22416029&ct=offers,Mouser,SMDJ75CA,,0.758,1.516,758,3079,,https://octopart.com/click/track?country=US&ak=68b25f31&sig=0ec30e0&sid=2401&ppid=12579261&vpid=37822100&ct=offers,
3,"SMD185F-2,",Littelfuse,SMD185F-2,https://octopart.com/smd185f-2-littelfuse-74215960,"PTC1, PTC2, PTC3",1247-017-4001-00,"FUSE,PTC,SMT,RST,1.85A,33V",1500,SMD185F-2**MULT1,SMD185F-2TR-ND,,SMD185F-2,99H2402,Cut Tape,Tape & Reel,,,Tape & Reel,0.2929,0.2726,,0.285,0.222,4000,30000,,25816,7500,1,1500,,1,1500,https://octopart.com/click/track?url=https%3A%2F%2Fwww.arrow.com%2Fen%2Fproducts%2Fsmd185f-2%2Flittelfuse&country=US&ak=68b25f31&sig=0547424&sid=1106&ppid=74215960&ct=offers,https://octopart.com/click/track?country=US&ak=68b25f31&sig=0d81520&sid=459&ppid=74215960&vpid=262945666&ct=offers,,https://octopart.com/click/track?url=http%3A%2F%2Fwww.mouser.com%2FSearch%2FProductDetail.aspx%3Fqs%3D7qBJw%252fQCp89Yw9qoFz71fA%253d%253d%26utm_source%3Doctopart%26utm_medium%3Daggregator%26utm_campaign%3DSMD185F-2%26utm_term%3DSMD185F-2%26utm_content%3DLittelfuse&country=US&ak=68b25f31&sig=0953337&sid=2401&ppid=74215960&ct=offers,https://octopart.com/click/track?country=US&ak=68b25f31&sig=085872b&sid=2402&ppid=74215960&vpid=273958516&ct=offers,Newark,99H2402,Tape & Reel,0.222,0.666,333,7500,1500,https://octopart.com/click/track?country=US&ak=68b25f31&sig=085872b&sid=2402&ppid=74215960&vpid=273958516&ct=offers,
1,SMCJ30CA,Littelfuse,SMCJ30CA,https://octopart.com/smcj30ca-littelfuse-351649,D19,1247-022-4019-00,"DI,TVS,30VR,48.4VC,1500W-10/1000US,SMC",500,SMCJ30CA**MULT1,SMCJ30CALFCT-ND,9801481,SMCJ30CA,71J2187,Cut Tape,Cut Tape,Cut Tape,,Cut Tape,0.2508,0.32308,0.305,0.382,0.336,2870,4711,1070,2250,309,1,1,1,,1,https://octopart.com/click/track?country=US&ak=68b25f31&sig=0bd9a7b&sid=1106&ppid=351649&vpid=307615364&ct=offers,https://octopart.com/click/track?country=US&ak=68b25f31&sig=087d4c5&sid=459&ppid=351649&vpid=1358706&ct=offers,https://octopart.com/click/track?country=US&ak=68b25f31&sig=03be1f0&sid=2454&ppid=351649&vpid=109824858&ct=offers,https://octopart.com/click/track?country=US&ak=68b25f31&sig=019e99c&sid=2401&ppid=351649&vpid=37793844&ct=offers,https://octopart.com/click/track?country=US&ak=68b25f31&sig=0000580&sid=2402&ppid=351649&vpid=3263985&ct=offers,Arrow,SMCJ30CA**MULT1,Cut Tape,0.2508,0.2508,125.4,2870,1,https://octopart.com/click/track?country=US&ak=68b25f31&sig=0bd9a7b&sid=1106&ppid=351649&vpid=307615364&ct=offers,
2,"SM24CANA-02HTG,",Littelfuse,SM24CANA-02HTG,https://octopart.com/sm24cana-02htg-littelfuse-47151641,"D22, D27",1247-022-4007-00,"DI,TVS,24VR,50VC,200W-8/20US,SOT23",1000,SM24CANA-02HTG**MULT1,F6449CT-ND,9060458,SM24CANA-02HTG,18AC7726,Cut Tape,Cut Tape,Tape & Reel,,Cut Tape,0.1584,0.16783,,0.144,0.13,156,3195,6000,19183,2865,1,1,3000,1,1,https://octopart.com/click/track?url=https%3A%2F%2Fwww.arrow.com%2Fen%2Fproducts%2Fsm24cana-02htg%2Flittelfuse&country=US&ak=68b25f31&sig=0fb47dd&sid=1106&ppid=47151641&ct=offers,https://octopart.com/click/track?country=US&ak=68b25f31&sig=005ca0f&sid=459&ppid=47151641&vpid=169779157&ct=offers,https://octopart.com/click/track?country=US&ak=68b25f31&sig=000f05f&sid=2454&ppid=47151641&vpid=416863493&ct=offers,https://octopart.com/click/track?url=http%3A%2F%2Fwww.mouser.com%2FSearch%2FProductDetail.aspx%3Fqs%3DG0uBbFPHMunCWkiomAj1kg%253d%253d%26utm_source%3Doctopart%26utm_medium%3Daggregator%26utm_campaign%3DSM24CANA-02HTG%26utm_term%3DSM24CANA-02HTG%26utm_content%3DLittelfuse&country=US&ak=68b25f31&sig=0755258&sid=2401&ppid=47151641&ct=offers,https://octopart.com/click/track?country=US&ak=68b25f31&sig=0a70038&sid=2402&ppid=47151641&vpid=439343030&ct=offers,Newark,18AC7726,Cut Tape,0.13,0.26,130,2865,1,https://octopart.com/click/track?country=US&ak=68b25f31&sig=0a70038&sid=2402&ppid=47151641&vpid=439343030&ct=offers,
1,"SM05-02HTG,",Littelfuse,SM05-02HTG,https://octopart.com/sm05-02htg-littelfuse-33330428,D30,1247-022-4010-00,"DI,TVS,DUAL,5VR,13VC,400W-8/20US,SOT-23",500,SM05-02HTG**MULT1,F6346CT-ND,,SM05-02HTG,18AC7723,Cut Tape,Cut Tape,,,Cut Tape,0.241,0.27192,,0.273,0.196,3175,513,,19100,0,1,1,,1,1,https://octopart.com/click/track?url=https%3A%2F%2Fwww.arrow.com%2Fen%2Fproducts%2Fsm05-02htg%2Flittelfuse&country=US&ak=68b25f31&sig=08e48cc&sid=1106&ppid=33330428&ct=offers,https://octopart.com/click/track?country=US&ak=68b25f31&sig=0bbd989&sid=459&ppid=33330428&vpid=120607173&ct=offers,,https://octopart.com/click/track?url=http%3A%2F%2Fwww.mouser.com%2FSearch%2FProductDetail.aspx%3Fqs%3DKpdAywxU011FfH2EbcBI9g%253d%253d%26utm_source%3Doctopart%26utm_medium%3Daggregator%26utm_campaign%3DSM05-02HTG%26utm_term%3DSM05-02HTG%26utm_content%3DLittelfuse&country=US&ak=68b25f31&sig=07d9be9&sid=2401&ppid=33330428&ct=offers,https://octopart.com/click/track?c=1&country=US&ak=68b25f31&sig=0545114&sid=2402&ppid=33330428&vpid=439343027&ct=offers,Newark,18AC7723,Cut Tape,0.196,0.196,98,0,1,https://octopart.com/click/track?c=1&country=US&ak=68b25f31&sig=0545114&sid=2402&ppid=33330428&vpid=439343027&ct=offers,
1,"LTST-C191KSKT,",Lite-On,LTST-C191KSKT,https://octopart.com/ltst-c191kskt-lite-on-549909,LED2,1247-020-4002-00,"LED,SMT,VERT,0603,YEL,20MA,2.1V,CLR",500,LTST-C191KSKT**MULT1,160-1448-1-ND,7791718,LTST-C191KSKT,,Cut Tape,Cut Tape,Cut Tape,,,0.0619,0.07096,0.0327,0.077,,3045,415159,40,19788,,1,1,1,1,,https://octopart.com/click/track?country=US&ak=68b25f31&sig=05eb81d&sid=1106&ppid=549909&vpid=44881583&ct=offers,https://octopart.com/click/track?country=US&ak=68b25f31&sig=03d0c85&sid=459&ppid=549909&vpid=1854041&ct=offers,https://octopart.com/click/track?country=US&ak=68b25f31&sig=028ac53&sid=2454&ppid=549909&vpid=109817250&ct=offers,https://octopart.com/click/track?url=http%3A%2F%2Fwww.mouser.com%2FSearch%2FProductDetail.aspx%3Fqs%3D%25252bOwCA7JpThkCRw1w23EPng%253d%253d%26utm_source%3Doctopart%26utm_medium%3Daggregator%26utm_campaign%3DLTST-C191KSKT%26utm_term%3DLTST-C191KSKT%26utm_content%3DLite-On&country=US&ak=68b25f31&sig=000be6f&sid=2401&ppid=549909&ct=offers,,Future Electronics,7791718,Cut Tape,0.0327,0.0327,16.35,40,1,https://octopart.com/click/track?country=US&ak=68b25f31&sig=028ac53&sid=2454&ppid=549909&vpid=109817250&ct=offers,
1,"TYS6045680M-10,",Laird,TYS6045680M-10,https://octopart.com/tys6045680m-10-laird-45548334,L3,1247-030-4001-00,"IND,WW,SMT,68UH,20%,1A,289-MOHM",500,,240-2747-1-ND,,TYS6045680M-10,,,Cut Tape,,,,,0.28964,,0.259,,,83150,,0,,,1,,1,,,https://octopart.com/click/track?country=US&ak=68b25f31&sig=097cdcd&sid=459&ppid=45548334&vpid=120327251&ct=offers,,https://octopart.com/click/track?url=http%3A%2F%2Fwww.mouser.com%2FSearch%2FProductDetail.aspx%3Fqs%3DcCJXSq33DMF61NoGFZ7AXw%253d%253d%26utm_source%3Doctopart%26utm_medium%3Daggregator%26utm_campaign%3DTYS6045680M-10%26utm_term%3DTYS6045680M-10%26utm_content%3DLaird+Technologies&country=US&ak=68b25f31&sig=0a0920e&sid=2401&ppid=45548334&ct=offers,,Mouser,TYS6045680M-10,,0.259,0.259,129.5,0,1,https://octopart.com/click/track?url=http%3A%2F%2Fwww.mouser.com%2FSearch%2FProductDetail.aspx%3Fqs%3DcCJXSq33DMF61NoGFZ7AXw%253d%253d%26utm_source%3Doctopart%26utm_medium%3Daggregator%26utm_campaign%3DTYS6045680M-10%26utm_term%3DTYS6045680M-10%26utm_content%3DLaird+Technologies&country=US&ak=68b25f31&sig=0a0920e&sid=2401&ppid=45548334&ct=offers,
1,DLA40IM800PC,IXYS,DLA40IM800PC,https://octopart.com/dla40im800pc-ixys-30494129,,,,500,,DLA40IM800PC-ND,,DLA40IM800PC,,,Tape & Reel,,,,,,,1.04,,,0,,726,,,800,,1,,,https://octopart.com/click/track?url=http%3A%2F%2Fwww.digikey.com%2Fproduct-detail%2Fen%2FDLA40IM800PC%2FDLA40IM800PC-ND%2F4321560&country=US&ak=68b25f31&sig=0040634&sid=459&ppid=30494129&ct=offers,,https://octopart.com/click/track?url=http%3A%2F%2Fwww.mouser.com%2FSearch%2FProductDetail.aspx%3Fqs%3DINK05T%252fwFA0ImpcNbHmlrA%253d%253d%26utm_source%3Doctopart%26utm_medium%3Daggregator%26utm_campaign%3DDLA40IM800PC%26utm_term%3DDLA40IM800PC%26utm_content%3DIXYS&country=US&ak=68b25f31&sig=06b7a8e&sid=2401&ppid=30494129&ct=offers,,Mouser,DLA40IM800PC,,1.04,1.04,520,726,1,https://octopart.com/click/track?url=http%3A%2F%2Fwww.mouser.com%2FSearch%2FProductDetail.aspx%3Fqs%3DINK05T%252fwFA0ImpcNbHmlrA%253d%253d%26utm_source%3Doctopart%26utm_medium%3Daggregator%26utm_campaign%3DDLA40IM800PC%26utm_term%3DDLA40IM800PC%26utm_content%3DIXYS&country=US&ak=68b25f31&sig=06b7a8e&sid=2401&ppid=30494129&ct=offers,
1,DLA40IM800PC,IXYS,DLA40IM800PC,https://octopart.com/dla40im800pc-ixys-30494129,,,,500,,DLA40IM800PC-ND,,DLA40IM800PC,,,Tape & Reel,,,,,,,1.04,,,0,,726,,,800,,1,,,https://octopart.com/click/track?url=http%3A%2F%2Fwww.digikey.com%2Fproduct-detail%2Fen%2FDLA40IM800PC%2FDLA40IM800PC-ND%2F4321560&country=US&ak=68b25f31&sig=0040634&sid=459&ppid=30494129&ct=offers,,https://octopart.com/click/track?url=http%3A%2F%2Fwww.mouser.com%2FSearch%2FProductDetail.aspx%3Fqs%3DINK05T%252fwFA0ImpcNbHmlrA%253d%253d%26utm_source%3Doctopart%26utm_medium%3Daggregator%26utm_campaign%3DDLA40IM800PC%26utm_term%3DDLA40IM800PC%26utm_content%3DIXYS&country=US&ak=68b25f31&sig=06b7a8e&sid=2401&ppid=30494129&ct=offers,,Mouser,DLA40IM800PC,,1.04,1.04,520,726,1,https://octopart.com/click/track?url=http%3A%2F%2Fwww.mouser.com%2FSearch%2FProductDetail.aspx%3Fqs%3DINK05T%252fwFA0ImpcNbHmlrA%253d%253d%26utm_source%3Doctopart%26utm_medium%3Daggregator%26utm_campaign%3DDLA40IM800PC%26utm_term%3DDLA40IM800PC%26utm_content%3DIXYS&country=US&ak=68b25f31&sig=06b7a8e&sid=2401&ppid=30494129&ct=offers,
1,"DM3AT-SF-PEJM5,",Hirose,DM3AT-SF-PEJM5,https://octopart.com/dm3at-sf-pejm5-hirose-19676590,J1,1247-012-4001-00,"CONN,PCB,SMT,HOLDER,MICROSD",500,,HR1964CT-ND,4005916,DM3AT-SF-PEJM5,68X2633,,Cut Tape,Cut Tape,,Cut Tape,,1.8139,1.21,2.04,1.78,,22573,2484,16698,1938,,1,1,,1,,https://octopart.com/click/track?country=US&ak=68b25f31&sig=0f53880&sid=459&ppid=19676590&vpid=36151875&ct=offers,https://octopart.com/click/track?country=US&ak=68b25f31&sig=00a4a94&sid=2454&ppid=19676590&vpid=109761108&ct=offers,https://octopart.com/click/track?country=US&ak=68b25f31&sig=0d4b661&sid=2401&ppid=19676590&vpid=39222150&ct=offers,https://octopart.com/click/track?country=US&ak=68b25f31&sig=0602e8f&sid=2402&ppid=19676590&vpid=172720377&ct=offers,Future Electronics,4005916,Cut Tape,1.21,1.21,605,2484,1,https://octopart.com/click/track?country=US&ak=68b25f31&sig=00a4a94&sid=2454&ppid=19676590&vpid=109761108&ct=offers,
1,"ECS-160-18-33Q-DS,",ECS International,ECS-160-18-33Q-DS,https://octopart.com/ecs-160-18-33q-ds-ecs+international-29290564,X2,1247-034-4002-00,"XTAL,SMT,16MHZ,18PF,2.5X3.2MM",500,ECS-160-18-33Q-DS,XC1991CT-ND,9054095,ECS-160-18-33Q-DS,,,Cut Tape,Tape & Reel,,,0.7012,0.7524,,0.684,,280,11312,0,882,,1,1,1000,1,,https://octopart.com/click/track?url=https%3A%2F%2Fwww.arrow.com%2Fen%2Fproducts%2Fecs-160-18-33q-ds%2Fecs-international&country=US&ak=68b25f31&sig=09fe192&sid=1106&ppid=29290564&ct=offers,https://octopart.com/click/track?country=US&ak=68b25f31&sig=041789e&sid=459&ppid=29290564&vpid=77173139&ct=offers,https://octopart.com/click/track?c=1&country=US&ak=68b25f31&sig=0b229e6&sid=2454&ppid=29290564&vpid=416823609&ct=offers,https://octopart.com/click/track?url=http%3A%2F%2Fwww.mouser.com%2FSearch%2FProductDetail.aspx%3Fqs%3DaG%25252b9dtamCDcXPrjsejumvQ%253d%253d%26utm_source%3Doctopart%26utm_medium%3Daggregator%26utm_campaign%3DECS-160-18-33Q-DS%26utm_term%3DECS-160-18-33Q-DS%26utm_content%3DECS&country=US&ak=68b25f31&sig=03b03f6&sid=2401&ppid=29290564&ct=offers,,Mouser,ECS-160-18-33Q-DS,,0.684,0.684,342,882,1,https://octopart.com/click/track?url=http%3A%2F%2Fwww.mouser.com%2FSearch%2FProductDetail.aspx%3Fqs%3DaG%25252b9dtamCDcXPrjsejumvQ%253d%253d%26utm_source%3Doctopart%26utm_medium%3Daggregator%26utm_campaign%3DECS-160-18-33Q-DS%26utm_term%3DECS-160-18-33Q-DS%26utm_content%3DECS&country=US&ak=68b25f31&sig=03b03f6&sid=2401&ppid=29290564&ct=offers,
5,"MMBTA56-7-F,",Diodes Inc.,MMBTA56-7-F,https://octopart.com/mmbta56-7-f-diodes+inc.-358025,"Q3, Q6, Q14, Q15, Q16",1247-027-4001-00,"TRAN,PNP,80V,0.5A,SOT23",2500,MMBTA56-7-F**MULT1,MMBTA56-FDICT-ND,4435848,MMBTA56-7-F,,Cut Tape,Cut Tape,Tape & Reel,,,0.039,0.04623,,0.043,,2637,12000,297000,8900,,1,1,3000,,,https://octopart.com/click/track?country=US&ak=68b25f31&sig=02a4f74&sid=1106&ppid=358025&vpid=21087679&ct=offers,https://octopart.com/click/track?country=US&ak=68b25f31&sig=085b633&sid=459&ppid=358025&vpid=1840791&ct=offers,https://octopart.com/click/track?country=US&ak=68b25f31&sig=0508d91&sid=2454&ppid=358025&vpid=19648726&ct=offers,https://octopart.com/click/track?country=US&ak=68b25f31&sig=087c5a3&sid=2401&ppid=358025&vpid=37802332&ct=offers,,Arrow,MMBTA56-7-F**MULT1,Cut Tape,0.039,0.195,97.5,2637,1,https://octopart.com/click/track?country=US&ak=68b25f31&sig=02a4f74&sid=1106&ppid=358025&vpid=21087679&ct=offers,
7,"ACGRAT103-HF,",Comchip,ACGRAT103-HF,https://octopart.com/acgrat103-hf-comchip-50982407,"D5, D8, D9, D10, D11, D12, D29",1247-022-4017-00,"DI,GP,1A,600V,2010",3500,,641-1628-2-ND,,,,,Tape & Reel,,,,,0.09828,,,,,0,,,,,3000,,,,,https://octopart.com/click/track?url=http%3A%2F%2Fwww.digikey.com%2Fproduct-detail%2Fen%2FACGRAT103-HF%2F641-1628-2-ND%2F5013702&country=US&ak=68b25f31&sig=02eb31c&sid=459&ppid=50982407&ct=offers,,,,Digi-Key,641-1628-2-ND,Tape & Reel,0.09828,0.68796,343.98,0,3000,https://octopart.com/click/track?url=http%3A%2F%2Fwww.digikey.com%2Fproduct-detail%2Fen%2FACGRAT103-HF%2F641-1628-2-ND%2F5013702&country=US&ak=68b25f31&sig=02eb31c&sid=459&ppid=50982407&ct=offers,
12,"ACDST-2004S-HF,",Comchip,ACDST-2004S-HF,https://octopart.com/acdst-2004s-hf-comchip-50982397,"D2, D3, D6, D7, D13, D14, D15, D16, D17, D25, D26, D31",1247-022-4002-00,"DI,DUAL,GP,225MA,300V,SOT23",6000,ACDST-2004S-HF,641-1618-2-ND,,ACDST-2004S-HF,,,Tape & Reel,,,,0.0684,0.07844,,0.075,,3000,3000,,3450,,3000,3000,,1,,https://octopart.com/click/track?url=https%3A%2F%2Fwww.arrow.com%2Fen%2Fproducts%2Facdst-2004s-hf%2Fcomchip-technology&country=US&ak=68b25f31&sig=0f094c8&sid=1106&ppid=50982397&ct=offers,https://octopart.com/click/track?url=http%3A%2F%2Fwww.digikey.com%2Fproduct-detail%2Fen%2FACDST-2004S-HF%2F641-1618-2-ND%2F5013692&country=US&ak=68b25f31&sig=07ccab0&sid=459&ppid=50982397&ct=offers,,https://octopart.com/click/track?url=http%3A%2F%2Fwww.mouser.com%2FSearch%2FProductDetail.aspx%3Fqs%3DvdiGlTBG6Jvgs27uR4%252fFaw%253d%253d%26utm_source%3Doctopart%26utm_medium%3Daggregator%26utm_campaign%3DACDST-2004S-HF%26utm_term%3DACDST-2004S-HF%26utm_content%3DComchip+Technology&country=US&ak=68b25f31&sig=0268d22&sid=2401&ppid=50982397&ct=offers,,Arrow,ACDST-2004S-HF,,0.0684,0.8208,410.4,3000,3000,https://octopart.com/click/track?url=https%3A%2F%2Fwww.arrow.com%2Fen%2Fproducts%2Facdst-2004s-hf%2Fcomchip-technology&country=US&ak=68b25f31&sig=0f094c8&sid=1106&ppid=50982397&ct=offers,
1,"ST3215SB32768C0HSZA1,",AVX,ST3215SB32768C0HSZA1,https://octopart.com/st3215sb32768c0hsza1-avx-55510011,X1,1247-034-4001-00,"XTAL,SMT,32.768KHZ,7PF,1.5X3.2MM",500,,1253-1403-1-ND,,ST3215SB32768C0HSZA1,,,Cut Tape,,,,,0.594,,0.6,,,572,,4067,,,1,,,,,https://octopart.com/click/track?country=US&ak=68b25f31&sig=02a7746&sid=459&ppid=55510011&vpid=193812304&ct=offers,,https://octopart.com/click/track?country=US&ak=68b25f31&sig=0b967c6&sid=2401&ppid=55510011&vpid=187734151&ct=offers,,Digi-Key,1253-1403-1-ND,Cut Tape,0.594,0.594,297,572,1,https://octopart.com/click/track?country=US&ak=68b25f31&sig=02a7746&sid=459&ppid=55510011&vpid=193812304&ct=offers,
2,"06031A300J4T2A,",AVX,06031A300J4T2A,https://octopart.com/06031a300j4t2a-avx-22263081,"C64, C65",1247-029-4013-00,"CAP,CC,0603,30PF,100V,5%,C0G",1000,,478-9368-1-ND,,,,,Cut Tape,,,,,0.03833,,,,,6975,,,,,1,,,,,https://octopart.com/click/track?url=http%3A%2F%2Fwww.digikey.com%2Fproduct-detail%2Fen%2F06031A300J4T2A%2F478-9368-1-ND%2F4901441&country=US&ak=68b25f31&sig=016f2db&sid=459&ppid=22263081&ct=offers,,,,Digi-Key,478-9368-1-ND,Cut Tape,0.03833,0.07666,38.33,6975,1,https://octopart.com/click/track?url=http%3A%2F%2Fwww.digikey.com%2Fproduct-detail%2Fen%2F06031A300J4T2A%2F478-9368-1-ND%2F4901441&country=US&ak=68b25f31&sig=016f2db&sid=459&ppid=22263081&ct=offers,
